Unnamed: 0,Veh. Reg,Date,Del. No,Specifications,Tonagge,Unnamed: 6
1.0,KDB 204L,8/2/2021,22832.0,0-3,24.98,
2.0,KDC 255G,8/2/2021,22729.0,0-6,20.04,
3.0,KDC 255G,8/2/2021,22744.0,0-6,19.72,
4.0,KDC 255G,8/2/2021,22756.0,0-6,19.7,
5.0,KDC 255G,8/2/2021,22773.0,0-6,20.6,
6.0,KDC 255G,8/2/2021,22767.0,0-6,18.6,
7.0,KDC 255G,8/2/2021,22618.0,0-6,23.6,
8.0,KDC 255G,8/2/2021,22602.0,0-6,17.94,
9.0,KDC 255G,8/2/2021,22714.0,0-6,19.0,
10.0,KCE 250G,8/2/2021,22663.0,0-40,22.02,
11.0,KCE 250G,8/2/2021,22010.0,0-6,23.2,
12.0,KCE 250G,8/2/2021,22074.0,0-6,22.24,
13.0,KDB 072T,8/2/2021,22909.0,0-40,23.28,
14.0,KDB 072T,8/2/2021,22716.0,0-6,23.94,
15.0,KDB 072T,8/2/2021,22698.0,0-40,21.68,
16.0,KDB 072T,8/2/2021,22677.0,0-40,18.6,
17.0,KDB 072T,8/2/2021,22858.0,0-40,24.66,
18.0,KDB 072T,8/2/2021,22844.0,0-3,23.14,
19.0,KBN 554Y,8/2/2021,22799.0,0-6,18.0,
20.0,KBN 554Y,8/2/2021,22765.0,0-5,20.16,
21.0,KDB 204L,8/2/2021,22797.0,0-6,25.4,
22.0,KDB 204L,8/2/2021,22715.0,0-6,22.5,
23.0,KDB 204L,8/2/2021,22616.0,0-6,25.2,
1.0,KDC 255G,9/3/2021,22948.0,0-6,19.3,
2.0,KDC 255G,9/3/2021,22963.0,0-6,18.8,
3.0,KDC 255G,9/3/2021,22980.0,0-6,13.2,
4.0,KDC 255G,9/3/2021,23005.0,0-6,17.8,
5.0,KDC 255G,9/3/2021,22921.0,0-6,20.5,
6.0,KDC 255G,9/3/2021,22928.0,0-6,18.9,
7.0,KDB 072T,8/3/2021,23019.0,0-6,21.75,
8.0,KDB 072T,9/3/2021,23050.0,0-6,23.5,
9.0,KDB 072T,9/3/2021,22932.0,0-6,24.0,
10.0,KDB 072T,9/3/2021,22959.0,0-6,23.8,
11.0,KDB 072T,9/3/2021,22990.0,0-6,21.5,
12.0,KCW 976E,9/3/2021,22361.0,0-40,22.44,
13.0,KCW 976E,8/31/2021,22355.0,0-40,21.5,
14.0,KCW 976E,9/1/2021,22436.0,0-40,22.96,
15.0,KCA 308J,8/1/2021,22594.0,0-6,32.02,
16.0,KCE 343Y,9/1/2021,22616.0,0-6,37.1,
17.0,KCE 343Y,9/1/2021,22556.0,0-6,49.42,
18.0,KCA 308J,9/1/2021,22557.0,0-6,32.7,
19.0,KCP 026Z,9/2/2021,22795.0,0-6,20.2,
20.0,KCP 026Z,9/2/2021,22697.0,0-6,17.02,
21.0,KCP 026Z,9/2/2021,22707.0,3-10,17.68,
22.0,KCP 026Z,9/2/2021,22763.0,0-6,21.6,
23.0,KCW 976E,9/2/2021,22672.0,3-10,19.48,
24.0,KCW 976E,9/2/2021,22711.0,3-10,20.36,
25.0,KCW 976E,9/2/2021,22694.0,3-10,22.38,
26.0,KCW 976E,9/2/2021,22737.0,0-5,21.82,
27.0,KCP 026Z,9/3/2021,22946.0,0-6,21.0,
28.0,KCP 026Z,9/3/2021,23002.0,0-6,19.1,
29.0,KCP 026Z,9/3/2021,22974.0,0-6,21.2,
30.0,KBP 136Q,9/3/2021,44442.0,14-20,25.46,
1.0,KCG 095D,8/4/2021,16804.0,0-40,16.36,
2.0,KBW 667X,8/4/2021,16803.0,0-40,16.2,
3.0,KBW 667X,8/4/2021,16764.0,0-3,17.12,
4.0,KBW 667X,8/4/2021,16637.0,0-40,15.9,
5.0,KCW 077Y,8/4/2021,16829.0,0-40,16.28,
6.0,KBY 166H,8/4/2021,16888.0,0-40,20.96,
7.0,KCE 146S,8/4/2021,16812.0,0-40,18.92,
8.0,KCE 146S,8/4/2021,16854.0,0-40,17.04,
9.0,KCE 146S,8/4/2021,16886.0,0-40,17.48,
10.0,KBY 166H,8/4/2021,16833.0,0-40,20.64,
11.0,KDB 293W,8/4/2021,16864.0,0-40,18.6,
12.0,KCD 261V,8/4/2021,16865.0,0-40,18.76,
13.0,KAT 901C,8/4/2021,16844.0,0-40,17.92,
14.0,KAT 901C,8/4/2021,16662.0,0-40,19.98,
15.0,KAT 901C,8/4/2021,16606.0,0-40,18.86,
16.0,KAT 901C,8/4/2021,16771.0,0-40,19.1,
17.0,KBP 188C,8/4/2021,16766.0,0-40,29.54,
18.0,KBP 188C,8/4/2021,16604.0,0-40,31.98,
19.0,KBP 188C,8/4/2021,16826.0,0-40,30.12,
20.0,KBP 188C,8/4/2021,16866.0,0-40,29.86,
21.0,KCW 077Y,8/4/2021,16873.0,0-40,16.5,
22.0,KCN 957E,8/4/2021,16650.0,0-40,19.62,
23.0,KCN 957E,8/4/2021,16808.0,0-40,23.56,
24.0,KAT 901C,8/3/2021,16603.0,5-10,17.5,
25.0,KAT 901C,8/3/2021,16626.0,0-3,18.46,
26.0,KAT 901C,8/3/2021,16646.0,0-40,18.7,
27.0,KBQ 469P,8/3/2021,16609.0,5-10,17.14,
28.0,KBQ 469P,8/3/2021,16837.0,0-3,22.9,
29.0,KBQ 469P,8/3/2021,16671.0,0-40,18.88,
30.0,KDB 293W,8/4/2021,16772.0,0-3,18.88,
31.0,KBZ 301S,8/4/2021,16770.0,0-3,21.5,
32.0,KDB 293W,8/4/2021,16753.0,0-40,20.22,
33.0,KBR 280S,8/3/2021,16897.0,3-10,18.02,
34.0,KBR 280S,8/4/2021,16734.0,0-40,20.0,
35.0,KBR 280S,8/4/2021,16777.0,0-3,19.38,
36.0,KBR 280S,8/4/2021,16610.0,0-40,20.28,
37.0,KDB 293W,8/4/2021,16727.0,0-40,19.42,
38.0,KDB 293W,8/4/2021,16739.0,0-40,19.66,
39.0,KDB 293W,8/4/2021,16664.0,0-40,20.52,
40.0,KBR 280S,8/4/2021,16933.0,20-31.5,21.18,
41.0,KBR 280S,8/5/2021,16977.0,5-10,18.08,
42.0,KBR 280S,7/4/2021,16915.0,20-31.5,20.7,
43.0,KBR 280S,8/5/2021,16948.0,3-10,19.92,
44.0,KBR 280S,8/5/2021,16985.0,5-10,17.66,
45.0,KCN 957E,8/4/2021,16893.0,0-40,21.6,
46.0,KDB 293W,8/3/2021,16838.0,10-14,16.72,
47.0,KDB 293W,9/3/2021,16830.0,0-40,19.58,
48.0,KDB 293W,9/3/2021,16802.0,0-40,19.56,
49.0,KBR 280S,8/3/2021,16680.0,0-40,19.42,
50.0,KBR 280S,8/3/2021,16718.0,3-10,16.78,
51.0,KBR 280S,8/3/2021,16750.0,0-40,20.46,
52.0,KDB 204L,8/4/2021,16823.0,20-31.5,22.4,
53.0,KDB 204L,8/5/2021,16956.0,3-10,21.78,
54.0,KDB 204L,8/5/2021,16974.0,5-10,21.58,
55.0,KDB 204L,8/4/2021,16941.0,3-10,24.42,
56.0,KDB 204L,8/3/2021,16874.0,0-40,22.98,
57.0,KCW 077Y,8/4/2021,16902.0,0-40,16.72,
58.0,KDB 072T,8/3/2021,16661.0,0-40,19.96,
59.0,KDB 072T,8/5/2021,16949.0,3-10,19.44,
60.0,KDB 072T,8/5/2021,16975.0,5-10,19.52,
61.0,KDB 072T,8/4/2021,16926.0,20-31.5,22.26,
62.0,KDB 072T,8/5/2021,16963.0,3-10,21.34,
1.0,KDC 062G,8/3/2021,16678.0,0-40,18.82,
2.0,KBY 166H,8/4/2021,16907.0,0-40,18.74,
3.0,KCD 261V,8/4/2021,16698.0,0-40,15.68,
4.0,KBQ 469P,8/4/2021,16661.0,0-40,17.52,
5.0,KBQ 469P,8/4/2021,16825.0,0-40,18.8,
6.0,KBQ 469P,8/4/2021,16790.0,0-40,17.76,
7.0,KBR 280S,8/5/2021,17088.0,0-40,18.8,
8.0,KBR 280S,8/5/2021,17043.0,0-40,18.82,
9.0,KBR 280S,8/5/2021,17069.0,0-40,18.98,
10.0,KBQ 360C,8/5/2021,17012.0,0-40,13.1,
11.0,KBQ 360C,8/5/2021,17040.0,0-40,15.76,
12.0,KBQ 360C,8/5/2021,17091.0,0-40,15.12,
13.0,KAT 901C,8/5/2021,17065.0,0-40,17.98,
14.0,KAT 901C,8/5/2021,17085.0,0-40,19.3,
15.0,KAT 901C,8/5/2021,17008.0,0-40,18.86,
16.0,KAT 901C,8/5/2021,16992.0,0-40,17.94,
17.0,KAT 901C,8/5/2021,17045.0,0-40,18.3,
18.0,KAT 901C,8/5/2021,17033.0,0-40,18.8,
19.0,KBQ 469P,8/5/2021,17011.0,0-40,16.48,
20.0,KBQ 469P,8/5/2021,17050.0,0-40,17.8,
21.0,KBQ 469P,8/5/2021,16993.0,0-40,17.46,
22.0,KBQ 469P,8/5/2021,17073.0,0-40,18.18,
23.0,KBQ 469P,8/5/2021,17089.0,0-40,18.44,
24.0,KBZ 301S,8/4/2021,16831.0,0-40,21.62,
1.0,KBQ 469P,8/6/2021,17159.0,0-3,18.06,
2.0,KBQ 469P,8/6/2021,17178.0,0-40,17.5,
3.0,KBQ 469P,8/6/2021,17489.0,0-40,17.8,
4.0,KBQ 469P,8/6/2021,17187.0,0-40,17.66,
5.0,KBQ 469P,8/6/2021,17200.0,0-40,17.42,
6.0,KBQ 469P,8/6/2021,17165.0,0-40,14.54,
7.0,KAT 901C,8/6/2021,17203.0,0-40,19.08,
8.0,KAT 901C,8/6/2021,17191.0,0-40,18.52,
9.0,KAT 901C,8/6/2021,17179.0,0-40,19.46,
10.0,KAT 901C,8/6/2021,17169.0,0-40,19.08,
11.0,KAT 901C,8/6/2021,17180.0,0-40,19.54,
12.0,KBP 188C,8/6/2021,17164.0,0-3,30.98,
13.0,KBP 188C,8/6/2021,17173.0,0-3,31.22,
14.0,KBW 667K,8/6/2021,16856.0,0-40,15.54,
15.0,KBP 188C,8/6/2021,17153.0,0-3,29.9,
1.0,KBR 280S,8/7/2021,17342.0,0-40,18.44,
2.0,KBR 280S,8/7/2021,17316.0,0-40,18.3,
3.0,KBR 280S,8/7/2021,17267.0,0-40,17.78,
4.0,KCX 069Q,8/7/2021,17311.0,0-40,22.3,
5.0,KAT 901C,8/7/2021,17326.0,0-40,18.16,
6.0,KAT 901C,8/7/2021,17296.0,0-40,18.6,
7.0,KAT 901C,8/7/2021,17272.0,0-3,18.04,
8.0,KDA 189X,8/7/2021,17271.0,0-3,19.42,
9.0,KBP 188C,8/7/2021,17268.0,0-3,31.54,
10.0,KDA 189X,8/7/2021,17298.0,0-40,19.7,
11.0,KDA 189X,8/7/2021,17329.0,0-40,19.86,
12.0,KDB 204L,8/7/2021,17318.0,0-40,20.06,
13.0,KDB 204L,8/7/2021,17358.0,0-40,22.68,
14.0,KBQ 469P,8/7/2021,17314.0,0-40,17.38,
15.0,KBQ 469P,8/7/2021,17345.0,0-40,17.44,
16.0,KBQ 469P,8/7/2021,17275.0,0-40,18.14,
17.0,KDB 293W,8/7/2021,17297.0,0-40,21.54,
18.0,KDB 293W,8/7/2021,17269.0,0-3,19.66,
19.0,KDB 293W,8/7/2021,17352.0,0-3,18.82,
20.0,KBP 188C,8/7/2021,17301.0,0-40,32.34,
21.0,KBP 188C,8/7/2021,17343.0,0-40,31.4,
22.0,KBP 188C,8/7/2021,17456.0,0-40,31.26,
23.0,KBP 188C,8/7/2021,17442.0,0-40,32.34,
24.0,KCX 069Q,8/7/2021,17262.0,0-3,20.56,
25.0,KBX 100S,8/7/2021,17340.0,0-40,15.18,
26.0,KCN 957E,8/7/2021,17333.0,0-40,19.2,
27.0,KCN 957E,8/7/2021,17309.0,0-40,18.3,
28.0,KCN 957E,8/7/2021,17273.0,0-3,19.14,
29.0,KCX 069Q,8/7/2021,17341.0,0-3,23.18,
1.0,KCK 951K,7/8/2021,17513.0,0-3 (21),16.94,
2.0,KCW 975E,7/8/2021,17499.0,0-3 (21),17.42,
3.0,KCP 026Z,7/8/2021,17495.0,0-3 (21),16.5,
4.0,KCE 683P,7/8/2021,17466.0,0-3 (21),17.28,
5.0,KDA 189X,7/8/2021,17497.0,0-3 (21),17.14,
6.0,KDA 189X,7/8/2021,17467.0,0-3 (21),16.3,
7.0,KDB 293W,7/8/2021,17486.0,0-3,16.52,
8.0,KDB 293W,7/8/2021,17452.0,0-3,22.22,
9.0,KBR 280S,8/7/2021,17332.0,14-20,17.7,
10.0,KBR 280S,8/8/2021,17418.0,20-31.5,19.82,
11.0,KBR 280S,8/7/2021,17366.0,14-20,17.5,
12.0,KBR 280S,8/8/2021,17405.0,20-31.5,18.28,
13.0,KBR 280S,8/7/2021,17395.0,14-20,18.4,
14.0,KCK 951K,7/8/2021,17415.0,20-31.5,17.44,
15.0,KCK 951K,8/7/2021,17322.0,0-40,18.16,
16.0,KCK 951K,8/7/2021,17367.0,14-20,19.96,
17.0,KCK 951K,8/8/2021,17399.0,14-20,18.88,
18.0,KCK 951K,8/7/2021,17394.0,14-20,18.72,
19.0,KCK 951K,8/7/2021,17359.0,0-40,19.22,
20.0,KBR 280S,8/9/2021,17565.0,20-31.5,19.44,
21.0,KBR 280S,8/9/2021,17554.0,20-31.5,18.78,
22.0,KBR 280S,8/8/2021,17516.0,0-3,22.82,
23.0,KBQ 469P,8/8/2021,17487.0,5-10,17.02,
24.0,KDC 084C,9/8/2021,17500.0,0-3 (21),17.5,
25.0,KCH 846B,8/8/2021,17501.0,0-3 (21),16.92,
26.0,KBQ 469P,9/8/2021,17548.0,14-20,19.24,
27.0,KBR 280S,8/9/2021,17538.0,14-20,18.14,
28.0,KBR 280S,8/9/2021,17573.0,20-31.5,20.1,
29.0,KDC 572Y,8/8/2021,17508.0,0-3 (21),15.7,
30.0,KDD 305F,8/8/2021,17509.0,0-3(21),16.48,
31.0,KBX 100S,8/8/2021,17464.0,0-40,19.32,
32.0,KBR 280S,7/8/2021,17525.0,14-20,18.68,
33.0,KBQ 469P,8/8/2021,17521.0,0-3,18.78,
34.0,KDB 104Z,8/8/2021,17476.0,0-3 (21),17.54,
35.0,KDB 104Z,8/8/2021,17514.0,0-3(21),17.48,
36.0,KBQ 469P,8/8/2021,17504.0,5-10,17.26,
37.0,KBQ 469P,8/8/2021,17533.0,14-20,18.8,
1.0,KDB 293W,8/9/2021,24512.0,0-40,19.5,
2.0,KDB 293W,8/9/2021,24437.0,0-40,22.76,
3.0,KDB 293W,8/9/2021,24381.0,0-3,19.4,
4.0,KDB 293W,8/9/2021,24476.0,0-40,24.36,
5.0,KDB 293W,8/9/2021,24404.0,10-14,18.4,
6.0,KDB 293W,8/9/2021,24351.0,0-3,19.82,
7.0,KAT 901C,8/9/2021,24393.0,0-3,20.42,
8.0,KAT 901C,8/9/2021,24445.0,0-40,18.48,
9.0,KAT 901C,8/9/2021,24487.0,0-40,19.68,
10.0,KAT 901C,8/9/2021,24519.0,0-40,212.3,
1.0,KBY 166H,8/9/2021,17603.0,0-40,20.04,
2.0,KBY 166H,8/9/2021,17588.0,0-3,22.36,
3.0,KBY 166H,8/9/2021,17618.0,0-40,19.92,
4.0,KBY 166H,8/9/2021,17642.0,0-40,22.52,
5.0,KBY 166H,8/9/2021,17670.0,0-40,19.68,
6.0,KBY 166H,8/10/2021,17742.0,0-40,20.78,
7.0,KBY 166H,8/9/2021,17705.0,0-40,20.68,
8.0,KBY 166H,8/9/2021,17692.0,0-40,19.38,
9.0,KBY 166H,8/9/2021,17729.0,0-40,20.86,
10.0,KBY 166H,8/9/2021,17716.0,0-40,20.9,
11.0,KDB 293W,8/9/2021,17604.0,0-40,19.84,
12.0,KDC  008T,8/9/2021,17607.0,0-3,24.8,
13.0,KCP 026Z,8/9/2021,17606.0,0-3,17.46,
14.0,KBP 188C,8/9/2021,17696.0,10-14,33.24,
15.0,KBP 188C,8/10/2021,17711.0,0-40,30.18,
16.0,KBP 188C,8/10/2021,17730.0,0-40,30.02,
17.0,KBP 188C,8/10/2021,17744.0,0-40,33.16,
18.0,KDB 293W,8/9/2021,17677.0,0-40,18.12,
19.0,KBR 280S,8/9/2021,17720.0,0-40,19.26,
20.0,KBR 280S,8/9/2021,17740.0,0-40,18.76,
21.0,KBR 280S,8/9/2021,17708.0,0-40,19.6,
22.0,KDB 293W,8/9/2021,17657.0,0-40,18.16,
23.0,KDB 293W,8/9/2021,17620.0,0-40,18.34,
24.0,KDB 293W,8/9/2021,17641.0,0-40,18.28,
25.0,KBQ 469P,8/9/2021,17605.0,0-40,18.86,
26.0,KBQ 469P,8/9/2021,17655.0,0-40,18.14,
27.0,KBQ 469P,8/9/2021,17622.0,0-40,19.4,
28.0,KBQ 469P,8/9/2021,17675.0,0-40,18.84,
29.0,KBR 280S,8/9/2021,17728.0,0-40,19.9,
30.0,KAT 180C,8/10/2021,17645.0,0-40,18.14,
31.0,KAT 180C,8/9/2021,17619.0,0-40,19.76,
32.0,KAT 180C,8/9/2021,17595.0,0-40,19.66,
33.0,KAT 180C,8/9/2021,17560.0,0-3,19.1,
34.0,KBR 280S,8/9/2021,17631.0,0-40,19.34,
35.0,KBR 280S,8/9/2021,17598.0,0-40,21.08,
36.0,KBR 280S,8/9/2021,17585.0,0-40,18.26,
37.0,KBR 280S,8/9/2021,17609.0,0-40,21.48,
38.0,KBR 280S,8/9/2021,17652.0,0-40,19.16,
39.0,KDD 184K,8/10/2021,17715.0,0-40,20.46,
40.0,KDD 184K,8/9/2021,17701.0,0-40,18.34,
41.0,KDD 184K,8/10/2021,17726.0,0-40,18.78,
42.0,KDD 184K,8/9/2021,17880.0,0-40,19.76,
43.0,KDD 184K,8/9/2021,17689.0,0-40,19.6,
44.0,KDD 184K,8/9/2021,17615.0,0-40,19.56,
45.0,KDD 184K,8/9/2021,17661.0,0-40,19.42,
46.0,KDD 184K,8/9/2021,17736.0,0-40,20.68,
47.0,KDD 184K,8/9/2021,17687.0,10-14,19.62,
1.0,KDB 224N,9/10/2021,24921.0,5-10,20.7,
2.0,KDB 224N,9/10/2021,24896.0,3-10,21.2,
3.0,KDB 224N,9/10/2021,24947.0,5-10,20.46,
4.0,KBR 280S,9/9/2021,24933.0,5-10,19.66,
5.0,KBR 280S,9/9/2021,24858.0,0-40,20.78,
6.0,KBR 280S,9/9/2021,24908.0,5-10,19.02,
7.0,KBR 280S,9/9/2021,24885.0,3-10,18.1,
8.0,KBR 280S,9/9/2021,24821.0,0-6,21.3,
9.0,KBP 136Q,9/9/2021,24227.0,0-40,28.38,
10.0,KCZ 278W,9/9/2021,24926.0,5-10,17.96,
11.0,KCZ 278W,9/9/2021,24901.0,3-10,18.84,
12.0,KCZ 278W,9/9/2021,24889.0,0-40,21.36,
13.0,KCZ 278W,9/9/2021,24849.0,0-3,17.68,
14.0,KCZ 278W,9/9/2021,24830.0,0-40,22.54,
15.0,KDD 098W,9/9/2021,24870.0,0-40,21.42,
16.0,KDD 098W,9/9/2021,24893.0,3-10,20.08,
17.0,KDD 098W,9/9/2021,24922.0,5-10,19.76,
18.0,KDD 098W,9/9/2021,24946.0,5-10,20.72,
19.0,KDD 098W,9/9/2021,24828.0,0-40,21.4,
20.0,KDB 062A,9/9/2021,24945.0,5-10,21.1,
21.0,KDB 062A,9/10/2021,24920.0,5-10,16.48,
22.0,KDB 062A,9/10/2021,24892.0,3-10,16.52,
23.0,KDB 062A,9/9/2021,24882.0,0-40,19.96,
24.0,KCY 318N,9/9/2021,24815.0,0-40,21.76,
25.0,KDB 224N,9/10/2021,24961.0,0-6,19.64,
26.0,KAT 901C,9/9/2021,24519.0,0-40,21.3,
27.0,KAT 901C,9/8/2021,24487.0,0-40,19.68,
28.0,KAT 901C,9/8/2021,24445.0,0-40,18.48,
29.0,KAT 901C,9/9/2021,24398.0,0-3,20.42,
30.0,KDB 293W,9/9/2021,24351.0,0-3,19.82,
31.0,KDB 293W,9/9/2021,24404.0,10-14,18.4,
32.0,KDB 293W,9/9/2021,24476.0,0-40,24.36,
33.0,KDB 293W,9/9/2021,24381.0,0-3,19.4,
34.0,KDB 293W,9/9/2021,24437.0,0-40,22.76,
35.0,KDB 293W,9/9/2021,24512.0,0-40,19.5,
36.0,KDB 293W,9/9/2021,24807.0,0-40,21.9,
37.0,KBR 280S,9/9/2021,24789.0,0-6,21.56,
38.0,KBR 280S,9/9/2021,24728.0,0-6,22.26,
39.0,KBR 280S,9/9/2021,24750.0,0-6,20.32,
40.0,KBR 280S,9/9/2021,24641.0,0-6,21.0,
41.0,KDD 098W,9/9/2021,24755.0,0-40,18.04,
42.0,KDD 098W,9/9/2021,24795.0,0-40,15.62,
43.0,KDB 293W,9/9/2021,24770.0,0-40,24.2,
44.0,KDB 293W,9/9/2021,24691.0,10-14,20.24,
45.0,KDB 293W,9/9/2021,24647.0,0-3,23.14,
46.0,KDB 293W,9/9/2021,24738.0,10-14,20.84,
47.0,KCY 318N,9/9/2021,24757.0,0-40,24.08,
48.0,KCY 318N,9/9/2021,24705.0,10-14,16.54,
49.0,KCY 318N,9/9/2021,24888.0,0-3,19.92,
50.0,KAT 901C,9/9/2021,24774.0,0-40,20.46,
51.0,KAT 901C,9/9/2021,24736.0,0-40,23.24,
52.0,KAT 901C,9/9/2021,24688.0,10-14,18.04,
53.0,KAT 901C,9/9/2021,24858.0,0-3,20.7,
54.0,KDD 098W,9/9/2021,24855.0,0-3,18.0,
55.0,KDD 098W,9/9/2021,24700.0,10-14,18.3,
56.0,KDC 106S,9/9/2021,24818.0,0-40,24.5,
57.0,KDC 106S,9/9/2021,24594.0,0-40,23.2,
58.0,KDC 106S,9/9/2021,24658.0,0-3,23.58,
59.0,KDC 106S,9/9/2021,24894.0,10-14,21.2,
60.0,KDC 106S,9/9/2021,24748.0,0-40,21.52,
61.0,KDC 106S,9/9/2021,24782.0,0-40,26.2,
62.0,KDC 106S,9/9/2021,24581.0,0-40,19.1,
63.0,KAT 901C,9/9/2021,24808.0,0-40,21.7,
64.0,KDC 143M,9/9/2021,24801.0,0-40,20.18,
65.0,KDC 143M,9/9/2021,24853.0,0-3,19.52,
66.0,KDC 143M,9/9/2021,24689.0,10-14,15.52,
67.0,KDC 143M,9/9/2021,24742.0,0-40,22.24,
1.0,KBR 280S,8/11/2021,17662.0,5-10,18.24,
2.0,KBR 280S,8/11/2021,17645.0,5-10,17.96,
3.0,KBR 280S,8/11/2021,17853.0,5-10,19.76,
4.0,KBR 280S,8/10/2021,17828.0,5-10,18.22,
5.0,KBR 280S,8/10/2021,17834.0,5-10,17.96,
6.0,KBR 280S,8/11/2021,17867.0,5-10,18.66,
7.0,KDB 153Q,8/10/2021,17810.0,0-40,22.32,
8.0,KDB 153Q,8/10/2021,17794.0,14-20,18.56,
9.0,KDB 153Q,8/10/2021,17776.0,0-3,19.68,
10.0,KDB 153Q,8/10/2021,17823.0,0-40,20.48,
11.0,KDB 293W,8/10/2021,17749.0,0-3,17.24,
12.0,KDB 293W,8/10/2021,17783.0,14-20,18.72,
13.0,KDB 293W,8/10/2021,17770.0,0-3,17.5,
14.0,KDB 293W,8/10/2021,17793.0,14-20,19.4,
15.0,KDB 293W,8/10/2021,17836.0,5-10,17.44,
16.0,KDB 293W,8/11/2021,17847.0,5-10,20.96,
17.0,KDB 293W,8/11/2021,17858.0,5-10,21.6,
18.0,KDB 293W,8/10/2021,17827.0,5-10,20.94,
19.0,KBQ 469P,8/10/2021,17813.0,0-40,17.78,
20.0,KBQ 469P,8/10/2021,17798.0,14-20,17.66,
21.0,KBQ 469P,8/10/2021,17771.0,14-20,17.06,
22.0,KBR 280S,8/10/2021,17766.0,0-3,19.96,
23.0,KBR 280S,8/10/2021,17788.0,14-20,18.8,
24.0,KBR 280S,8/10/2021,17777.0,14-20,18.84,
25.0,KBR 280S,8/10/2021,17804.0,14-20,19.46,
26.0,KBR 280S,8/10/2021,17816.0,14-20,22.62,
27.0,KBR 280S,8/10/2021,17758.0,0-3,18.44,
28.0,KBP 188C,8/10/2021,17812.0,0-40,34.8,
29.0,KBP 188C,8/10/2021,17796.0,14-20,30.14,
30.0,KAT 901C,8/10/2021,17815.0,0-40,19.92,
31.0,KAT 901C,8/10/2021,17767.0,14-20,18.0,
32.0,KAT 901C,8/10/2021,17805.0,14-20,18.2,
33.0,KAT 901C,8/10/2021,17775.0,0-3,19.68,
34.0,KAT 901C,8/10/2021,17762.0,0-3,18.6,
35.0,KAT 901C,8/10/2021,17818.0,0-3,18.36,
36.0,KBP 188C,8/10/2021,17842.0,5-10,30.46,
37.0,KBP 188C,8/10/2021,17829.0,5-10,27.88,
38.0,KBP 188C,8/10/2021,17856.0,5-10,31.8,
39.0,KDB 072T,8/10/2021,17859.0,5-10,19.2,
40.0,KDB 072T,8/10/2021,17838.0,5-10,19.94,
41.0,KDB 072T,8/11/2021,17849.0,5-10,19.78,
42.0,KDB 072T,8/10/2021,17830.0,5-10,21.2,
43.0,KDB 927B,8/10/2021,17764.0,14-20,15.66,
44.0,KDB 927B,8/10/2021,17746.0,0-3,17.78,
45.0,KCN 957E,8/11/2021,17661.0,5-10,21.1,
46.0,KCN 957E,8/10/2021,17825.0,5-10,19.34,
47.0,KCN 957E,8/10/2021,17839.0,5-10,18.98,
48.0,KCN 957E,8/11/2021,17850.0,5-10,18.66,
49.0,KCH 846B,8/8/2021,17501.0,0-3(21),16.92,
50.0,KDB 072T,8/10/2021,17755.0,0-3,20.3,
51.0,KDB 072T,8/10/2021,17769.0,14-20,18.76,
52.0,KDB 072T,8/10/2021,17799.0,14-20,19.34,
53.0,KDB 072T,8/10/2021,17762.0,14-20,21.0,
54.0,KDB 204L,8/10/2021,17761.0,0-3,24.16,
55.0,KDB 204L,8/10/2021,17774.0,0-3,21.3,
56.0,KDB 204L,8/10/2021,17785.0,0-3,22.8,
57.0,KDB 204L,8/10/2021,17803.0,0-3,23.44,
58.0,KCY 273A,8/10/2021,17848.0,5=10,18.54,
59.0,KCY 273A,8/10/2021,17837.0,5=10,19.26,
60.0,KCY 273A,8/10/2021,17855.0,5=10,20.16,
61.0,KCY 273A,8/10/2021,17668.0,5=10,18.08,
1.0,KDD 098W,9/11/2021,25250.0,5-10,17.1,
2.0,KDD 098W,9/11/2021,25229.0,5-10,18.98,
3.0,KDD 098W,9/10/2021,25144.0,0-40,21.96,
4.0,KDD 098W,9/10/2021,25178.0,10-14,19.74,
5.0,KDD 098W,9/10/2021,25204.0,10-14,19.44,
6.0,KDD 103R,9/11/2021,25280.0,5-10,18.84,
7.0,KDD 103R,9/10/2021,25199.0,10-14,18.78,
8.0,KDD 103R,9/11/2021,25282.0,5-10,18.34,
9.0,KDD 103R,9/11/2021,25242.0,5-10,17.88,
10.0,KDC 106S,9/10/2021,25158.0,0-40,23.84,
11.0,KDC 106S,9/9/2021,24820.0,0-40,25.72,
12.0,KDB 293W,9/10/2021,25112.0,0-40,26.26,
13.0,KDB 293W,9/10/2021,25089.0,0-40,25.62,
14.0,KDB 293W,9/10/2021,25033.0,20-31.5,21.36,
15.0,KDB 293W,9/10/2021,24990.0,0-3,20.72,
16.0,KAT 901C,9/10/2021,25059.0,0-40,21.24,
17.0,KAT 901C,9/10/2021,25103.0,0-40,23.12,
18.0,KAT 901C,9/10/2021,25032.0,20-31.5,19.46,
19.0,KAT 901C,9/10/2021,24992.0,20-31.5,20.34,
20.0,KDD 098W,9/10/2021,25064.0,0-40,20.0,
21.0,KDD 098W,9/10/2021,25015.0,20-31.5,15.38,
22.0,KDD 098W,9/10/2021,24973.0,0-3,20.16,
23.0,KDD 098W,9/10/2021,25110.0,0-40,23.48,
1.0,KCC 928E,8/11/2021,17995.0,5-10,17.68,
2.0,KCY 318N,8/11/2021,18009.0,0-40,19.54,
3.0,KCY 318N,8/11/2021,17969.0,0-40,18.3,
4.0,KCY 318N,8/11/2021,17934.0,0-40,17.52,
5.0,KCY 318N,8/11/2021,17890.0,0-40,18.28,
6.0,KDB 072T,8/11/2021,17931.0,0-40,19.88,
7.0,KDB 072T,8/11/2021,17696.0,0-40,22.36,
8.0,KDB 072T,8/11/2021,17993.0,0-40,20.72,
9.0,KDB 204L,8/11/2021,17923.0,0-40,26.8,
10.0,KDB 204L,8/11/2021,17876.0,0-40,25.3,
11.0,KCN 957E,8/11/2021,18001.0,0-40,23.56,
12.0,KCN 957E,8/11/2021,17943.0,0-40,21.66,
13.0,KCN 957E,8/11/2021,18048.0,0-40,20.82,
14.0,KDB 293W,8/11/2021,18031.0,0-40,19.78,
15.0,KDB 293W,8/11/2021,17994.0,0-40,18.24,
16.0,KDB 204L,8/11/2021,18008.0,0-40,25.42,
17.0,KDD 184K,8/11/2021,17779.0,14-20,20.04,
18.0,KDD 184K,8/11/2021,17767.0,0-3,19.1,
19.0,KDD 184K,8/11/2021,17797.0,14-20,19.82,
20.0,KDC 084C,8/11/2021,17821.0,0-40,20.74,
21.0,KDD 184K,8/11/2021,17811.0,0-40,19.02,
22.0,KDD 184K,8/11/2021,17977.0,0-40,18.44,
23.0,KDD 184K,8/11/2021,18024.0,0-40,19.7,
24.0,KDD 184K,8/11/2021,17899.0,0-40,18.36,
25.0,KDD 184K,8/11/2021,17832.0,0-40,17.88,
26.0,KBQ 469P,8/11/2021,17999.0,0-40,19.14,
27.0,KBQ 469P,8/11/2021,17951.0,0-40,19.08,
28.0,KBQ 469P,8/11/2021,18047.0,0-40,18.72,
29.0,KDB 153Q,8/11/2021,18028.0,0-40,18.42,
30.0,KDB 153Q,8/11/2021,18051.0,0-40,18.06,
1.0,KDD 103R,9/12/2021,25535.0,0-40,25.4,
2.0,KDD 103R,9/12/2021,25587.0,0-40,21.9,
3.0,KDD 103R,9/12/2021,25513.0,0-40,23.86,
4.0,KDD 103R,9/11/2021,25490.0,20-31.5,19.2,
5.0,KDD 103R,9/11/2021,25463.0,0-3,19.42,
6.0,KDD 106X,9/12/2021,25549.0,0-40,23.64,
7.0,KDD 106X,9/12/2021,25529.0,0-40,25.3,
8.0,KCZ 278W,9/12/2021,25560.0,0-40,22.98,
9.0,KCY 318N,9/11/2021,25484.0,20-31.5,19.9,
10.0,KCY 318N,9/11/2021,25454.0,0-40,20.56,
11.0,KCZ 278W,9/12/2021,25546.0,0-40,24.54,
12.0,KCZ 278W,9/12/2021,25527.0,0-40,19.78,
13.0,KDB 204L,9/11/2021,25428.0,0-6,22.92,
14.0,KDB 204L,9/11/2021,25300.0,0-6,21.36,
15.0,KDB 072T,9/11/2021,25405.0,0-6,22.28,
16.0,KDB 204L,9/11/2021,25382.0,0-6,23.0,
17.0,KBN 564V,9/11/2021,25377.0,3-10,17.76,
18.0,KDB 204L,9/11/2021,25385.0,0-6,23.54,
19.0,KDB 204L,9/11/2021,25335.0,0-6,23.26,
20.0,KCY 318N,9/11/2021,25334.0,3-10,17.16,
21.0,KCY 318N,9/11/2021,25299.0,0-3,19.18,
22.0,KCY 318N,9/11/2021,25372.0,3-10,16.4,
23.0,KCY 318N,9/11/2021,25409.0,5-10,18.12,
24.0,KDB 072T,9/11/2021,25374.0,0-6,20.52,
25.0,KDB 072T,9/11/2021,25301.0,0-6,21.68,
26.0,KDB 072T,9/11/2021,25339.0,0-6,22.8,
27.0,KBN 564V,9/11/2021,25337.0,0-3,18.28,
1.0,KBQ 469P,8/12/2021,18207.0,10-14,17.7,
2.0,KBQ 469P,8/12/2021,18217.0,10-14,17.64,
3.0,KBQ 469P,8/12/2021,18117.0,0-3,20.62,
4.0,KBQ 469P,8/12/2021,18186.0,10-14,17.26,
5.0,KBQ 469P,8/12/2021,18153.0,10-14,17.32,
6.0,KBQ 469P,8/12/2021,18030.0,0-40,16.94,
7.0,KBC 577M,8/11/2021,18055.0,14-20,16.18,
8.0,KBC 577M,8/11/2021,17964.0,0-40,17.76,
9.0,KBC 577M,8/11/2021,17925.0,0-40,15.48,
10.0,KDB 204L,8/12/2021,18201.0,10-14,23.26,
11.0,KDB 204L,8/12/2021,18174.0,10-14,23.88,
12.0,KDB 204L,8/12/2021,18151.0,10-14,24.26,
13.0,KDB 204L,8/12/2021,18097.0,0-3,23.68,
14.0,KDB 204L,8/12/2021,18126.0,10-14,23.16,
15.0,KBP 188C,8/12/2021,18144.0,10-14,30.12,
16.0,KBP 188C,8/11/2021,18025.0,0-40,31.3,
17.0,KBP 188C,8/11/2021,17974.0,14-20,29.18,
18.0,KBP 188C,8/11/2021,17921.0,14-20,32.56,
19.0,KDB 153Q,8/11/2021,17926.0,0-40,16.9,
20.0,KDB 153Q,8/11/2021,17893.0,0-40,18.1,
21.0,KDB 153Q,8/11/2021,17973.0,0-40,17.42,
22.0,KAT 901C,8/12/2021,18127.0,10-14,19.26,
23.0,KAT 901C,8/12/2021,18152.0,10-14,18.96,
24.0,KAT 901C,8/12/2012,18176.0,10-14,18.7,
25.0,KAT 901C,8/12/2021,18212.0,10-14,20.36,
26.0,KAT 901C,8/12/2021,18199.0,10-14,18.3,
27.0,KBP 188C,8/12/2021,18185.0,10-14,33.84,
28.0,KDB 072T,8/12/2021,18231.0,14-20,21.92,
29.0,KDB 072T,8/13/2021,18261.0,5-10,21.48,
30.0,KDB 072T,8/13/2021,18246.0,5-10,20.7,
31.0,KDB 072T,8/13/2021,18239.0,14-20,22.96,
32.0,KDB 204L,8/13/2021,18251.0,5=10,21.14,
33.0,KDB 204L,8/13/2021,18260.0,5=10,20.74,
34.0,KDB 204L,8/13/2021,18242.0,14-20,23.88,
35.0,KDB 204L,8/12/2021,18232.0,14=20,24.36,
36.0,KDB 204L,8/12/2021,18193.0,10=14,20.36,
37.0,KDB 072T,8/12/2021,18169.0,10=14,22.38,
38.0,KDB 072T,8/12/2021,19149.0,10=14,21.04,
39.0,KDB 072T,8/12/2021,18129.0,10=14,22.54,
40.0,KDB 072T,8/12/2021,18088.0,0=3,19.68,
41.0,KDB 204L,8/12/2021,18222.0,14=20,23.46,
42.0,KDB 072T,8/12/2021,18223.0,14=20,21.56,
43.0,KBR 280S,8/12/2021,18206.0,10=14,19.38,
44.0,KBR 280S,8/12/2021,18192.0,10=14,19.98,
45.0,KBR 280S,8/12/2021,18105.0,0-3,19.4,
46.0,KBR 280S,8/12/2021,18168.0,10=14,20.01,
47.0,KBR 280S,8/12/2021,18125.0,10=14,20.6,
48.0,KBR 280S,8/12/2021,18145.0,10-14,20.02,
49.0,KCY 318N,12-08021,18095.0,0-3,19.06,
50.0,KCY 318N,8/12/2021,18187.0,10=14,19.66,
51.0,KCY 318N,8/12/2021,18166.0,10=14,19.68,
52.0,KCY 318N,8/12/2021,18114.0,0-3,21.04,
53.0,KCY 318N,8/12/2021,18139.0,10=14,19.58,
54.0,KCY 318N,8/12/2021,18202.0,10=14,19.2,
55.0,KBZ 301S,8/11/2021,18032.0,0-40,22.08,
56.0,KBZ 301S,8/11/2021,17980.0,0-40,20.9,
1.0,KBZ 917G,9/12/2021,25699.0,0-40,19.72,
2.0,KBZ 917G,9/12/2021,25481.0,20-31.5,18.08,
3.0,KBZ 917G,9/12/2021,25729.0,0-3,20.94,
4.0,KBZ 917G,9/12/2021,25755.0,10-14,17.08,
5.0,KBZ 917G,9/13/2021,25786.0,10-14,19.34,
6.0,KDD 103R,9/13/2021,25806.0,3-10,19.44,
7.0,KDD 103R,9/13/2021,25788.0,10-14,19.04,
8.0,KDC 106S,9/13/2021,25809.0,3-10,22.4,
9.0,KDC 106S,9/12/2021,25713.0,0-40,23.8,
10.0,KDC 106S,9/12/2021,25743.0,10-14,20.54,
11.0,KDC 106S,9/12/2021,25773.0,10-14,22.18,
12.0,KDC 106S,9/12/2021,25792.0,3-10,22.8,
13.0,KDC 106S,9/12/2021,25821.0,3-10,22.12,
14.0,KDD 106X,9/12/2021,25585.0,0-40,24.5,
15.0,KDD 106X,9/12/2021,25816.0,3-10,21.58,
16.0,KDD 106X,9/12/2021,25781.0,10-14,19.64,
17.0,KDD 106X,9/12/2021,25782.0,10-14,20.54,
18.0,KDD 106X,9/13/2021,25800.0,3-10,21.28,
19.0,KDB 293W,9/13/2021,25778.0,10-14,21.76,
20.0,KDB 293W,9/12/2021,25739.0,0-3,21.12,
21.0,KDB 293W,9/13/2021,25795.0,3-10,23.02,
22.0,KDB 293W,9/12/2021,25758.0,10-14,21.38,
23.0,KDB 293W,9/13/2021,25811.0,3-10,23.62,
24.0,KDB 293W,9/13/2021,25820.0,3-10,22.8,
25.0,KCY 318N,9/13/2021,25794.0,3-10,19.04,
26.0,KCY 318N,9/13/2021,25814.0,3-10,20.54,
27.0,KCY 318N,9/12/2021,25718.0,0-40,18.32,
28.0,KCY 318N,9/13/2021,25826.0,3-10,20.12,
29.0,KDB 231N,9/13/2021,25784.0,10-14,23.44,
30.0,KDB 231N,9/13/2021,25802.0,3-10,24.96,
31.0,KDB 231N,9/13/2021,25818.0,3-10,24.5,
32.0,KDB 231N,9/12/2021,25737.0,0-3,23.62,
33.0,KDB 231N,9/12/2021,25762.0,10-14,24.4,
34.0,KDB 204L,9/12/2021,25601.0,5-10,21.28,
35.0,KDB 204L,9/12/2021,25631.0,5-10,23.12,
36.0,KDB 204L,9/12/2021,25663.0,0-40,27.48,
37.0,KDB 204L,9/12/2021,25692.0,0-40,27.74,
38.0,KCY 318N,9/12/2021,25519.0,0-40,24.54,
39.0,KBN 564V,9/11/2021,25471.0,5-10,17.02,
40.0,KCY 318N,9/12/2021,25898.0,0-40,22.0,
41.0,KCY 318N,9/12/2021,25675.0,0-40,20.6,
42.0,KDB 244Z,9/12/2021,25688.0,0-40,24.0,
43.0,KDB 244Z,9/12/2021,25859.0,0-40,23.24,
44.0,KDB 244Z,9/12/2021,25626.0,5-10,19.92,
45.0,KDD 103R,9/12/2021,25612.0,5-10,17.4,
46.0,KDD 103R,9/12/2021,25641.0,5-10,19.04,
47.0,KDD 103R,9/12/2021,25693.0,0-40,21.9,
48.0,KDD 103R,9/12/2021,25667.0,0-40,23.38,
49.0,KDD 106X,9/12/2021,25664.0,0-40,22.46,
50.0,KDD 106X,9/12/2021,25625.0,5-10,18.1,
51.0,KDD 106X,9/12/2021,25691.0,0-40,22.14,
52.0,KDD 106X,9/12/2021,25595.0,5-10,17.34,
53.0,KCJ 351X,9/10/2021,25168.0,0-3,21.88,
54.0,KCW 976E,9/6/2021,23743.0,3-10,19.62,
55.0,KCW 976E,9/6/2021,23778.0,0-40,22.26,
56.0,KCW 976E,9/6/2021,23814.0,0-40,21.22,
57.0,KCW 976E,9/6/2021,23907.0,20-31.5,19.66,
58.0,KCW 976E,9/7/2021,24010.0,3-10,20.02,
59.0,KCW 976E,9/7/2021,23985.0,3-10,19.5,
60.0,KCW 976E,9/7/2021,23933.0,3-10,19.92,
61.0,KCW 976E,9/8/2021,24491.0,0-40,22.58,
62.0,KCW 976E,9/8/2021,24454.0,0-40,20.42,
63.0,KCW 976E,9/8/2021,24407.0,10-14,16.68,
64.0,KDC 005L,9/8/2021,24818.0,5-10,31.32,
65.0,KCW 976E,9/9/2021,24794.0,0-40,20.82,
66.0,KCW 976E,9/10/2021,25013.0,20-31.5,17.44,
67.0,KCW 976E,9/10/2021,25194.0,10-14,19.68,
68.0,KCW 976E,9/10/2021,24962.0,5-10,19.64,
69.0,KCW 976E,9/11/2021,25220.0,5-10,19.38,
70.0,KCW 976E,9/11/2021,25244.0,5-10,19.2,
71.0,KCW 976E,9/11/2021,25418.0,5-10,18.12,
72.0,KCW 976E,9/11/2021,25375.0,3-10,17.84,
73.0,KCW 976E,9/11/2021,25284.0,5-10,19.24,
74.0,KCW 976E,9/11/2021,25340.0,3-10,19.76,
75.0,KCW 976E,9/12/2021,25838.0,5-10,19.84,
76.0,KCW 976E,9/12/2021,25547.0,0-40,24.58,
77.0,KCW 976E,9/12/2021,25589.0,5-10,19.08,
78.0,KCW 976E,9/12/2021,25569.0,0-40,22.74,
1.0,KDB 072T,8/14/2021,18406.0,3-10,19.42,
2.0,KDB 072T,8/13/2021,18377.0,2-31.5,24.52,
3.0,KDB 072T,8/13/2021,18386.0,20-31.5,20.98,
4.0,KDB 072T,8/14/2021,18399.0,3-10,21.76,
5.0,KDB 072T,8/14/2021,18398.0,20-31.5,21.58,
6.0,KCC 255V,8/12/2021,18237.0,14-20,20.3,
7.0,KCE 280G,8/14/2021,18392.0,20-31.5,23.84,
8.0,KCE 280G,8/13/2021,18287.0,10-14,21.96,
9.0,KCE 280G,8/14/2021,18400.0,3-10,22.94,
10.0,KCE 280G,8/13/2021,18382.0,20-31.5,25.34,
11.0,KBY 166H,8/13/2021,18361.0,10-14,21.64,
12.0,KBY 166H,8/13/2021,18335.0,10-14,21.9,
13.0,KBY 166H,8/13/2021,18286.0,10-14,21.54,
14.0,KBY 166H,8/13/2021,18374.0,20-31.5,22.0,
15.0,KBQ 360C,8/8/2021,17209.0,0-40,15.12,
16.0,KBR 280S,8/13/2021,18346.0,10-14,20.54,
17.0,KBR 280S,8/13/2021,18309.0,10-14,19.7,
18.0,KBR 280S,8/13/2021,18280.0,10-14,19.16,
19.0,KBR 280S,8/13/2021,18267.0,0-3,22.54,
20.0,KBR 280S,8/13/2021,18327.0,10-14,20.92,
21.0,KBR 280S,8/13/2021,18204.0,10-14,19.92,
22.0,KDB 072T,8/13/2021,18343.0,10-14,21.42,
23.0,KDB 072T,8/13/2021,18323.0,10-14,19.44,
24.0,KDB 072T,8/13/2021,18300.0,10-14,21.26,
25.0,KDB 072T,8/13/2021,18271.0,0-3,24.06,
26.0,KDB 072T,8/13/2021,18261.0,10-14,20.78,
27.0,KDB 204L,8/13/2021,18318.0,10-14,22.78,
28.0,KDB 204L,8/13/2021,18340.0,10-14,23.36,
29.0,KDB 204L,8/13/2021,18260.0,10-14,23.7,
30.0,KDB 204L,8/13/2021,18272.0,0-3,26.82,
31.0,KDB 293W,8/13/2021,18286.0,10-14,20.84,
32.0,KDB 293W,8/13/2021,18304.0,10-14,21.0,
33.0,KDB 293W,8/12/2021,18150.0,10-14,21.04,
34.0,KDB 293W,8/12/2021,18094.0,0-3,20.14,
35.0,KDB 293W,8/12/2021,18116.0,10-14,21.16,
36.0,KDB 293W,8/12/2021,18177.0,10-14,20.36,
37.0,KDB 293W,8/13/2021,18277.0,10-14,20.5,
38.0,KDC 005L,8/13/2021,18328.0,10-14,30.48,
39.0,KDC 005L,8/13/2021,18356.0,10-14,22.84,
40.0,KDC 005L,8/13/2021,18297.0,10-14,29.6,
41.0,KDB 293W,8/12/2021,18072.0,14-20,21.02,
42.0,KDB 293W,8/12/2021,18079.0,5-10,20.76,
43.0,KDB 293W,8/12/2021,18085.0,5-10,20.94,
44.0,KDB 293W,8/11/2021,18050.0,14-20,21.36,
45.0,KDB 293W,8/11/2021,18061.0,0-3,22.52,
46.0,KDB 293W,8/12/2021,18090.0,5-10,26.6,
47.0,KDC 006T,8/13/2021,18305.0,10-14,31.0,
48.0,KDC 006T,8/13/2021,18368.0,10-14,28.48,
49.0,KDC 006T,8/13/2021,18834.0,10-14,28.2,
50.0,KDC 006T,8/13/2021,18279.0,0-3,29.8,
51.0,KAT 901C,8/13/2021,18867.0,10-14,19.18,
52.0,KAT 901C,8/13/2021,18346.0,10-14,19.2,
53.0,KBQ 469P,8/13/2021,18369.0,10-14,19.68,
54.0,KBQ 469P,8/13/2021,18326.0,10-14,18.14,
55.0,KBQ 469P,8/13/2021,18296.0,10-14,18.3,
56.0,KBQ 469P,8/13/2021,18355.0,10-14,18.12,
57.0,KBQ 469P,8/13/2021,18282.0,10-14,17.98,
1.0,KDB 204L,9/14/2021,26082.0,0-40,24.74,
2.0,KDB 204L,9/14/2021,26139.0,0-40,22.76,
3.0,KDB 204L,9/14/2021,26112.0,0-40,24.12,
4.0,KCJ 351X,9/14/2021,26107.0,0-40,26.82,
5.0,KCJ 351X,9/14/2021,28140.0,0-40,23.42,
6.0,KCJ 351X,9/14/2021,28071.0,0-40,18.6,
7.0,KDB 244Z,9/13/2021,28001.0,0-40,25.9,
8.0,KDB 244Z,9/12/2021,25709.0,0-40,22.64,
9.0,KDB 244Z,9/14/2021,28088.0,0-40,28.14,
10.0,KBZ 917G,9/14/2021,28153.0,0-40,23.08,
11.0,KBZ 917G,9/14/2021,28118.0,0-40,23.46,
12.0,KBZ 917G,9/13/2021,25887.0,0-3,21.1,
13.0,KBZ 917G,9/14/2021,28084.0,0-40,23.28,
14.0,KBZ 917G,9/13/2021,28050.0,0-40,23.02,
15.0,KBZ 917G,9/13/2021,28019.0,0-40,18.98,
16.0,KDD 124X,9/14/2021,28058.0,0-40,18.02,
17.0,KDD 124X,9/14/2021,28093.0,0-40,18.44,
18.0,KDD 103R,9/14/2021,28128.0,0-40,23.56,
19.0,KDD 103R,9/12/2021,25725.0,0-3,18.86,
20.0,KDD 103R,9/12/2021,25712.0,0-40,22.0,
21.0,KDD 103R,9/14/2021,26097.0,0-40,23.48,
22.0,KDD 103R,9/13/2021,26032.0,0-40,20.7,
23.0,KDD 103R,9/13/2021,26082.0,0-40,23.24,
24.0,KDD 098W,9/14/2021,26106.0,0-40,18.5,
25.0,KDD 098W,9/14/2021,26136.0,0-40,17.92,
26.0,KDD 098W,9/14/2021,26074.0,0-40,18.26,
27.0,KDD 098W,9/13/2021,25803.0,3-10,21.12,
28.0,KDD 098W,9/13/2021,25785.0,10-14,19.36,
29.0,KDD 098W,9/12/2021,25752.0,10-14,19.8,
30.0,KDD 098W,9/12/2021,25733.0,0-3,20.18,
31.0,KDD 098W,9/12/2021,25877.0,0-40,20.2,
32.0,KDD 098W,9/12/2021,25810.0,5-10,17.62,
33.0,KDD 098W,9/12/2021,25571.0,0-3,20.94,
34.0,KDD 098W,9/11/2021,25298.0,0-3,18.4,
35.0,KDD 098W,9/11/2021,25347.0,3-10,17.96,
36.0,KDD 098W,9/12/2021,25848.0,5-10,17.38,
37.0,KDD 098W,9/12/2021,25707.0,0-40,22.02,
38.0,KDD 098W,9/13/2021,25977.0,0-40,18.84,
39.0,KDD 098W,9/13/2021,25874.0,10-14,19.2,
40.0,KDD 098W,9/13/2021,25841.0,0-3,19.42,
41.0,KDD 098W,9/13/2021,26034.0,0-40,20.74,
42.0,KDB 293W,9/14/2021,26158.0,0-40,24.4,
43.0,KDB 293W,9/14/2021,26125.0,0-40,22.1,
44.0,KDB 293W,9/14/2021,26059.0,0-40,19.06,
45.0,KDB 293W,9/14/2021,26092.0,0-40,21.64,
46.0,KDB 293W,9/13/2021,25948.0,0-3,22.7,
47.0,KDB 293W,9/13/2021,28038.0,0-40,22.16,
48.0,KDC 907P,9/14/2021,28121.0,0-40,23.6,
49.0,KDC 907P,9/14/2021,28085.0,0-40,24.64,
50.0,KBZ 301S,9/14/2021,28127.0,0-40,21.2,
51.0,KBZ 301S,9/13/2021,28040.0,0-40,24.46,
52.0,KBZ 301S,9/14/2021,28090.0,0-40,26.5,
53.0,KCX 069Q,9/14/2021,28138.0,0-40,27.24,
54.0,KCX 069Q,9/13/2021,28014.0,0-3,20.36,
55.0,KCX 069Q,9/13/2021,28036.0,0-40,26.88,
56.0,KCX 069Q,9/14/2021,28081.0,0-40,22.0,
57.0,KDD 106X,9/14/2021,28158.0,0-40,23.96,
58.0,KDD 106X,9/14/2021,28096.0,0-40,25.74,
59.0,KDD 106X,9/14/2021,28126.0,0-40,25.76,
60.0,KDD 106X,9/13/2021,28029.0,0-40,22.04,
61.0,KDD 106X,9/12/2021,25711.0,0-40,22.98,
62.0,KDD 106X,6/14/2021,26063.0,0-40,23.52,
63.0,KDB 231N,9/14/2021,26088.0,0-40,21.82,
64.0,KDB 231N,9/13/2021,26054.0,0-40,21.68,
65.0,KDB 231N,9/13/2021,26030.0,0-40,24.66,
66.0,KDD 124X,9/14/2021,28122.0,0-40,25.6,
67.0,KDD 124X,9/14/2021,28152.0,0-40,23.14,
68.0,KRS 389Z,9/12/2021,25854.0,5-10,24.32,
69.0,KRS 389Z,9/11/2021,25480.0,5-10,25.22,
70.0,KRS 389Z,9/11/2021,25398.0,5-10,22.4,
71.0,KRS 389Z,9/13/2021,25907.0,10-14,27.32,
72.0,KRS 389Z,9/12/2021,25596.0,0-3,24.96,
73.0,KRS 389Z,9/12/2021,25742.0,0-3,29.6,
74.0,KCC 307C,9/13/2021,25972.0,0-40,24.74,
75.0,KCC 307C,9/13/2021,25878.0,10-14,21.34,
76.0,KCC 307C,9/13/2021,25845.0,0-3,19.84,
77.0,KCC 307C,9/13/2021,25923.0,0-40,21.94,
78.0,KBZ 301S,9/12/2021,25780.0,10-14,21.5,
79.0,KBZ 301S,9/13/2021,25883.0,10-14,22.68,
80.0,KBZ 301S,9/13/2021,25847.0,0-3,23.72,
81.0,KCY 318N,9/13/2021,25891.0,10-14,17.82,
82.0,KCY 318N,9/13/2021,25859.0,0-3,19.0,
83.0,KCY 318N,9/13/2021,25983.0,0-40,20.0,
84.0,KCY 318N,9/13/2021,25942.0,0-40,20.88,
85.0,KDB 072T,9/13/2021,25980.0,0-6,22.12,
86.0,KDB 072T,9/13/2021,25933.0,0-6,19.92,
87.0,KDB 072T,9/13/2021,25909.0,0-6,20.7,
88.0,KDB 072T,9/13/2021,25834.0,0-6,22.82,
89.0,KDB 204L,9/13/2021,25955.0,0-6,24.78,
90.0,KDB 204L,9/13/2021,25928.0,0-6,21.66,
91.0,KDB 204L,9/13/2021,25905.0,0-6,23.94,
92.0,KDB 204L,9/13/2021,25871.0,0-6,23.6,
93.0,KDB 204L,9/12/2021,25719.0,0-40,24.82,
94.0,KDB 244Z,9/13/2021,25932.0,0-40,19.42,
95.0,KDB 244Z,9/13/2021,25900.0,10-14,20.36,
96.0,KDB 244Z,9/13/2021,25971.0,0-40,23.12,
97.0,KDB 231N,9/13/2021,26011.0,0-40,25.58,
98.0,KDB 231N,9/14/2021,26124.0,0-40,25.48,
99.0,KDB 231N,9/14/2021,26155.0,0-40,21.18,
100.0,KDB 231N,9/14/2021,26201.0,0-3,21.62,
101.0,KDB 206W,9/13/2021,28048.0,0-40,27.3,
102.0,KDB 206W,9/14/2021,28088.0,0-40,30.9,
103.0,KDB 206W,9/13/2021,28021.0,0-40,25.18,
1.0,KDB 293W,8/14/2021,18465.0,14-20,20.38,
2.0,KBR 280S,8/14/2021,18510.0,14-20,19.78,
3.0,KBR 280S,8/15/2021,18577.0,3-10,21.42,
4.0,KBR 280S,8/14/2021,18532.0,14-20,19.64,
5.0,KBR 280S,8/15/2021,18555.0,3-10,18.58,
6.0,KDB 204L,8/15/2021,18596.0,3-10,25.42,
7.0,KDB 204L,8/15/2021,18574.0,3-10,19.76,
8.0,KDB 204L,8/14/2021,18536.0,14-20,22.5,
9.0,KDB 072T,8/15/2021,18556.0,3-10,17.2,
10.0,KDB 072T,8/14/2021,18518.0,14-20,20.9,
11.0,KDB 072T,8/15/2021,18594.0,3-10,24.66,
12.0,KDB 072T,8/15/2021,18580.0,3-10,21.4,
13.0,KDB 072T,8/14/2021,18423.0,0-3,24.3,
14.0,KDB 072T,8/14/2021,18443.0,0-3,22.48,
15.0,KDB 072T,8/14/2021,18461.0,14-20,20.96,
16.0,KAT 901C,8/14/2021,18491.0,14-20,20.74,
17.0,KAT 901C,8/14/2021,18424.0,0-3,19.9,
18.0,KAT 901C,8/14/2021,18457.0,14-20,17.82,
19.0,KAT 901C,8/14/2021,18472.0,14-20,18.46,
20.0,KAT 901C,8/14/2021,18500.0,14-20,18.64,
21.0,KCW 976E,8/14/2021,18496.0,14-20,18.56,
22.0,KBQ 469P,8/14/2021,18449.0,0-3,19.5,
23.0,KBQ 469P,8/14/2021,18431.0,0-3,18.12,
24.0,KDC 005L,8/14/2021,18464.0,0-3,35.74,
25.0,KDC 005L,8/14/2021,18433.0,0-3,30.9,
26.0,KCY 318N,8/14/2021,18483.0,14-20,15.28,
27.0,KBR 280S,8/14/2021,18466.0,14-20,19.04,
28.0,KBR 280S,8/14/2021,18482.0,14-20,20.04,
29.0,KBR 280S,8/14/2021,18447.0,0-3,20.6,
30.0,KBR 280S,8/14/2021,18412.0,0-3,21.52,
31.0,KBR 280S,8/14/2021,18429.0,0-3,21.72,
32.0,KCW 976E,8/14/2021,18434.0,0-3,20.38,
33.0,KCW 976E,8/14/2021,18471.0,14=20,18.52,
34.0,KCW 976E,8/14/2021,18490.0,14-20,18.2,
35.0,KCW 976E,8/14/2021,18454.0,0-3,20.7,
36.0,KCW 976E,8/14/2021,18415.0,0-3,21.6,
1.0,KDD 103R,9/14/2021,28167.0,0-40,23.64,
2.0,KCX 069Q,9/14/2021,28098.0,0-40,31.26,
3.0,KDB 293W,9/14/2021,28195.0,0-3,19.88,
4.0,KDB 293W,9/14/2021,28230.0,0-40,21.12,
5.0,KDD 124X,9/15/2021,28472.0,14-20,18.34,
6.0,KDD 124X,9/15/2021,28432.0,3-10,17.82,
7.0,KDD 124X,9/15/2021,28496.0,14-20,20.66,
8.0,KDD 124X,9/15/2021,28399.0,3-10,17.58,
9.0,KDD 124X,9/14/2021,28207.0,0-3,19.86,
10.0,KDD 106X,9/14/2021,28431.0,3-10,18.64,
11.0,KDD 106X,9/14/2021,28397.0,3-10,17.96,
12.0,KDD 106X,9/14/2021,28499.0,14-20,20.68,
13.0,KDD 106X,9/15/2021,28475.0,14-20,20.84,
14.0,KCY 318N,9/14/2021,28388.0,3-10,17.88,
15.0,KCY 318N,9/15/2021,28418.0,3-10,19.02,
16.0,KCY 318N,9/15/2021,28486.0,14-10,18.06,
17.0,KCY 318N,9/15/2021,28451.0,3-10,18.44,
18.0,KCY 318N,9/15/2021,28508.0,14-20,21.04,
19.0,KDB 293W,9/15/2021,28442.0,3-10,20.48,
20.0,KDB 293W,9/14/2021,28405.0,3-10,21.06,
21.0,KDB 293W,9/15/2021,28487.0,14-20,20.88,
22.0,KDB 293W,9/14/2021,28378.0,3-10,21.0,
23.0,KDB 293W,9/15/2021,28497.0,14-20,21.62,
24.0,KBZ 917G,9/15/2021,28438.0,3-10,16.74,
25.0,KBZ 917G,9/15/2021,28489.0,14-20,19.46,
26.0,KDB 231N,9/15/2021,28494.0,14-20,22.66,
27.0,KDB 231N,9/15/2021,28465.0,3-10,21.9,
28.0,KDB 231N,9/15/2021,28435.0,3-10,21.68,
29.0,KDB 231N,9/14/2021,28366.0,3-10,20.92,
30.0,KDB 231N,9/14/2021,28396.0,3-10,21.64,
31.0,KDD 103R,9/15/2021,28421.0,3-10,17.84,
32.0,KDD 103R,9/15/2021,28509.0,14-20,19.26,
33.0,KDD 103R,9/15/2021,28491.0,14-20,17.24,
34.0,KDD 103R,9/15/2021,28458.0,3-10,19.5,
35.0,KAT 901C,9/15/2021,28488.0,14-20,20.2,
36.0,KAT 901C,9/15/2021,28430.0,3-10,18.12,
37.0,KAT 901C,9/14/2021,28385.0,3-10,17.88,
38.0,KAT 901C,9/14/2021,28380.0,3-10,18.86,
39.0,KAT 901C,9/14/2021,28341.0,3-10,19.22,
40.0,KAT 901C,9/15/2021,28498.0,14-20,19.84,
41.0,KCJ 351X,9/15/2021,28481.0,14-20,16.82,
42.0,KCJ 351X,9/15/2021,28441.0,3-10,17.06,
43.0,KCJ 351X,9/14/2021,28398.0,3-10,17.32,
44.0,KCJ 351X,9/14/2021,28382.0,3-10,16.34,
45.0,KDD 098W,9/15/2021,28436.0,3-10,18.22,
46.0,KDD 098W,9/14/2021,28401.0,3-10,17.64,
47.0,KDD 098W,9/15/2021,28471.0,14-20,18.38,
48.0,KDD 098W,9/14/2021,28371.0,0-3,20.24,
49.0,KDD 098W,9/14/2021,28344.0,3-10,17.54,
50.0,KDB 206W,9/15/2021,28473.0,14-20,22.48,
51.0,KDB 206W,9/15/2021,28428.0,3-10,21.0,
52.0,KDB 206W,9/14/2021,28391.0,3-10,18.34,
53.0,KCJ 351X,9/14/2021,28332.0,3-10,17.06,
54.0,KCC 307C,9/14/2021,28248.0,10-14,16.96,
55.0,KCC 307C,9/14/2021,28205.0,0-3,20.7,
56.0,KCC 307C,9/14/2021,28326.0,3-10,21.66,
57.0,KCC 307C,9/14/2021,28278.0,10-14,17.86,
58.0,KCJ 351X,9/14/2021,28295.0,10-14,16.36,
59.0,KDD 098W,9/14/2021,28203.0,0-3,19.08,
60.0,KAT 901C,9/14/2021,28303.0,10-14,18.66,
61.0,KAT 901C,9/14/2021,28289.0,10-14,18.58,
62.0,KAT 901C,9/14/2021,28229.0,0-40,20.7,
63.0,KDD 098W,9/14/2021,28310.0,10-14,15.98,
1.0,KCA 398J,8/14/2021,18480.0,14-20,29.64,
2.0,KCA 398J,8/15/2021,18619.0,0-3,32.36,
3.0,KCA 398J,8/15/2021,18599.0,3-10,39.36,
4.0,KCA 398J,8/15/2021,18578.0,3-10,39.44,
5.0,KCA 398J,8/14/2021,18535.0,14-20,30.98,
6.0,KDB 293W,8/15/2021,18626.0,20-31.5,21.48,
7.0,KDB 293W,8/15/2021,18645.0,20-31.5,20.26,
8.0,KDB 293W,8/15/2021,18637.0,20-31.5,20.14,
9.0,KDC 005L,8/15/2021,18820.0,0-3,32.08,
10.0,KDC 005L,8/14/2021,18492.0,14-20,30.02,
11.0,KDC 005L,8/14/2021,18524.0,14-20,22.12,
12.0,KDC 005L,8/15/2021,18603.0,0-3,37.3,
13.0,KCE 250G,8/15/2021,18649.0,20-31.5,26.64,
14.0,KCE 250G,8/15/2021,18572.0,3-10,26.26,
15.0,KCE 250G,8/15/2021,18641.0,20-31.5,25.0,
16.0,KCE 250G,8/14/2021,18541.0,3-10,27.46,
17.0,KCE 250G,8/14/2021,18514.0,14-20,25.42,
18.0,KCY 318N,8/14/2021,18508.0,14-20,19.92,
1.0,KDB 204L,8/16/2021,18857.0,3-10,24.3,
2.0,KDB 204L,8/16/2021,18673.0,3-10,24.04,
3.0,KDB 204L,8/15/2021,18666.0,3-10,21.48,
4.0,KDB 204L,8/16/2021,18691.0,10-14,23.3,
5.0,KDB 072T,8/16/2021,18676.0,3-10,22.16,
6.0,KDB 072T,8/15/2021,18884.0,10-14,22.16,
7.0,KDB 072T,8/15/2021,18671.0,3-10,22.34,
8.0,KDB 072T,8/15/2021,18655.0,14-20,20.56,
9.0,KDB 072T,8/15/2021,18662.0,3-10,20.7,
10.0,KCP 026Z,8/16/2021,18914.0,14-20,17.32,
11.0,KCP 026Z,8/16/2021,18764.0,14-20,17.08,
12.0,KCP 026Z,8/16/2021,18716.0,0-3,18.66,
13.0,KCP 026Z,8/16/2021,18766.0,14-20,17.38,
14.0,KCP 026Z,8/16/2021,18739.0,14-20,16.34,
15.0,KDB 293W,8/16/2021,18604.0,14-20,19.86,
16.0,KAT 901C,8/16/2021,18717.0,14-20,18.46,
17.0,KAT 901C,8/16/2021,18736.0,14-20,18.12,
18.0,KAT 901C,8/16/2021,18763.0,14-20,18.24,
19.0,KAT 901C,8/16/2021,18797.0,14-20,18.56,
20.0,KBR 280S,8/16/2021,18735.0,14-20,19.54,
21.0,KBR 280S,8/16/2021,18715.0,14-20,20.36,
22.0,KBR 280S,8/16/2021,18761.0,14-20,19.36,
23.0,KBR 280S,8/16/2021,18784.0,14-20,20.7,
24.0,KBR 280S,8/16/2021,18607.0,14-20,19.46,
25.0,KDB 072T,8/16/2021,18705.0,14-20,19.92,
26.0,KDB 072T,8/16/2021,18724.0,14-20,20.46,
27.0,KDB 072T,8/16/2021,18754.0,14-20,20.66,
28.0,KDB 072T,8/16/2021,18774.0,14-20,20.48,
29.0,KDB 072T,8/16/2021,18766.0,14-20,19.62,
30.0,KDB 293W,8/16/2021,18761.0,14-20,20.48,
31.0,KDB 293W,8/16/2021,18759.0,14-20,19.58,
32.0,KDB 293W,8/16/2021,18714.0,14-20,19.7,
33.0,KDB 293W,8/16/2021,18734.0,14-20,19.64,
34.0,KDB 204L,8/16/2021,18707.0,14-20,22.56,
35.0,KDB 204L,8/16/2021,18725.0,14-20,21.9,
36.0,KDB 204L,8/16/2021,18747.0,14-20,22.46,
37.0,KDB 204L,8/16/2021,18769.0,14-20,22.68,
38.0,KDB 204L,8/16/2021,18793.0,14-20,21.2,
39.0,KDB 204L,8/16/2021,18812.0,14-20,23.42,
40.0,KCN 957E,8/16/2021,18762.0,10-14,20.44,
41.0,KCN 957E,8/16/2021,18694.0,10-14,20.92,
42.0,KCN 957E,8/14/2021,18530.0,14-20,23.08,
43.0,KCN 957E,8/15/2021,18591.0,3-10,25.28,
44.0,KCN 957E,8/14/2021,18503.0,14-20,22.68,
45.0,KCN 957E,8/15/2021,18559.0,3-10,23.74,
46.0,KCN 957E,8/15/2021,18822.0,20-31.5,20.56,
47.0,KCN 957E,8/15/2021,18633.0,20-31.5,20.46,
48.0,KCN 957E,8/15/2021,18609.0,0-3,23.12,
49.0,KCN 957E,8/15/2021,18642.0,20-31.5,21.52,
50.0,KCN 957E,8/15/2021,18649.0,20-31.5,22.8,
51.0,KCN 957E,8/15/2021,18669.0,3-10,21.1,
52.0,KCN 957E,8/16/2021,18661.0,10-14,22.2,
53.0,KCP 026Z,8/14/2021,18477.0,14-20,18.52,
54.0,KCP 026Z,8/14/2021,18466.0,14-20,17.28,
55.0,KCP 026Z,8/14/2021,18448.0,0-3,17.6,
56.0,KCP 026Z,8/14/2021,18428.0,0-3,19.58,
57.0,KCW 976E,8/15/2021,18616.0,0-3,19.88,
58.0,KCW 976E,8/15/2021,18825.0,20-31.5,17.52,
59.0,KCW 976E,8/15/2021,18802.0,0-3,20.06,
60.0,KCW 976E,8/16/2021,18716.0,14-20,17.78,
1.0,KDB 062A,9/16/2021,26925.0,0-40,21.62,
2.0,KDB 062A,9/16/2021,26690.0,3-10,22.52,
3.0,KBV 544S,9/16/2021,26678.0,3-10,15.6,
4.0,KBV 544S,9/16/2021,26683.0,0-3,20.9,
5.0,KDB 062A,9/16/2021,26619.0,0-3,22.38,
6.0,KDB 231N,9/16/2021,26621.0,0-3,27.16,
7.0,KDD 103R,9/16/2021,26990.0,14-20,19.64,
8.0,KDD 103R,9/17/2021,27066.0,20-31.5,18.4,
9.0,KDD 103R,9/17/2021,27039.0,14-20,17.16,
10.0,KAT 901C,9/17/2021,27021.0,14-20,19.42,
11.0,KAT 901C,9/16/2021,26994.0,14-20,17.48,
12.0,KAT 901C,9/17/2021,27055.0,14-20,20.26,
13.0,KAT 901C,9/16/2021,26961.0,0-3,22.02,
14.0,KBN 564V,9/16/2021,26657.0,0-40,18.64,
15.0,KAT 901C,9/16/2021,26658.0,0-40,21.3,
16.0,KDB 062A,9/17/2021,27044.0,14-20,21.2,
17.0,KDB 062A,9/16/2021,27006.0,14-20,21.48,
18.0,KDC 084C,9/16/2021,26984.0,14-20,18.48,
19.0,KDC 084C,9/16/2021,27011.0,14-20,17.28,
20.0,KDC 084C,9/17/2021,27045.0,14-20,19.58,
21.0,KDC 084C,9/17/2021,27075.0,3-10,17.22,
22.0,KBZ 917G,9/16/2021,26960.0,0-3,18.62,
23.0,KBZ 917G,9/17/2021,27052.0,14-20,19.62,
24.0,KBZ 917G,9/17/2021,27017.0,0-40,16.44,
25.0,KDD 124X,9/17/2021,27020.0,14-20,18.64,
26.0,KDD 124X,9/17/2021,27051.0,14-20,19.58,
27.0,KDD 124X,9/16/2021,26968.0,14-20,19.82,
28.0,KDD 124X,9/15/2021,26535.0,0-3,23.34,
29.0,KBR 280S,9/17/2021,27050.0,14-20,20.4,
30.0,KBR 280S,9/17/2021,27016.0,0-40,19.34,
31.0,KBR 280S,9/16/2021,26997.0,14-20,20.02,
32.0,KBR 280S,9/16/2021,26969.0,14-20,19.4,
33.0,KDB 293W,9/16/2021,26996.0,14-20,20.3,
34.0,KDB 293W,9/17/2021,27040.0,14-20,20.08,
35.0,KCY 318N,9/17/2021,27059.0,20-31.5,19.72,
36.0,KCY 318N,9/17/2021,27024.0,14-20,18.76,
37.0,KCY 318N,9/16/2021,26980.0,14-20,18.72,
38.0,KCY 318N,9/16/2021,27007.0,14-20,19.88,
39.0,KDD 098W,9/17/2021,27080.0,20-31.5,19.56,
40.0,KDD 098W,9/16/2021,26975.0,14-20,18.88,
41.0,KDD 098W,9/16/2021,27004.0,14-20,18.32,
42.0,KDD 098W,9/17/2021,27028.0,14-20,19.64,
43.0,KDB 072T,9/16/2021,27062.0,20-31.5,21.38,
44.0,KDB 072T,9/16/2021,26986.0,14-20,20.18,
45.0,KDB 072T,9/16/2021,27037.0,14-20,20.68,
46.0,KDD 106X,9/17/2021,27029.0,14-20,18.04,
47.0,KDD 106X,9/16/2021,26974.0,14-20,19.96,
48.0,KDD 106X,9/16/2021,27005.0,14-20,18.2,
49.0,KDD 106X,9/17/2021,27085.0,20-31.5,19.34,
50.0,KCX 069Q,9/16/2021,26989.0,14-20,24.44,
51.0,KCX 069Q,9/17/2021,27026.0,14-20,22.74,
52.0,KBQ 489P,9/15/2021,26546.0,0-40,20.94,
53.0,KBQ 489P,9/15/2021,26686.0,20-31.5,17.96,
54.0,KBQ 489P,9/15/2021,26833.0,0-40,18.35,
55.0,KBQ 489P,9/16/2021,26855.0,0-40,18.56,
56.0,KBQ 489P,9/16/2021,26902.0,0-40,18.9,
57.0,KDC 084C,9/16/2021,26949.0,0-40,16.78,
58.0,KBZ 917G,9/16/2021,26823.0,0-3,19.5,
59.0,KCC 307C,9/15/2021,26649.0,0-40,19.6,
60.0,KBZ 917G,9/16/2021,26934.0,0-40,18.34,
61.0,KCH 688T,9/16/2021,26932.0,0-40,17.62,
62.0,KDD 098W,9/16/2021,26942.0,0-40,17.88,
63.0,KDD 098W,9/15/2021,26670.0,20-31.5,17.3,
64.0,KDD 098W,9/15/2021,26519.0,0-3,19.62,
65.0,KDD 098W,9/15/2021,26648.0,0-40,17.26,
66.0,KDD 098W,9/15/2021,26554.0,0-40,18.3,
67.0,KCX 069Q,9/16/2021,26927.0,0-40,22.52,
68.0,KDB 072T,9/16/2021,26940.0,0-40,22.7,
69.0,KDB 072T,9/16/2021,26904.0,0-40,21.56,
70.0,KDB 072T,9/16/2021,26858.0,3-10,22.88,
71.0,KDB 072T,9/16/2021,26628.0,0-3,25.8,
1.0,KDB 072T,8/17/2021,18691.0,10-14,20.6,
2.0,KDB 072T,8/16/2021,18863.0,10-14,20.4,
3.0,KDB 072T,8/17/2021,18664.0,10-14,20.68,
4.0,KDB 072T,8/16/2021,18823.0,14-20,21.06,
5.0,KDB 072T,8/17/2021,18853.0,10-14,21.1,
6.0,KDB 072T,8/17/2021,18961.0,0-40,24.5,
7.0,KDB 072T,8/17/2021,18985.0,0-40,25.98,
8.0,KDB 204L,8/17/2021,19008.0,0-40,24.36,
9.0,KDB 204L,8/17/2021,18905.0,0-3,27.68,
10.0,KDB 204L,8/17/2021,18930.0,0-3,25.42,
11.0,KBQ 469P,8/17/2021,18964.0,0-40,18.76,
12.0,KBQ 469P,8/17/2021,18922.0,0-40,19.08,
13.0,KDB 072T,8/17/2021,18975.0,0-40,23.24,
14.0,KDB 072T,8/17/2021,19001.0,0-40,23.14,
15.0,KDB 072T,8/17/2021,18939.0,0-40,23.0,
16.0,KDB 072T,8/17/2021,18907.0,0-3,22.96,
17.0,KDB 293W,8/17/2021,18909.0,0-3,20.9,
18.0,KDB 293W,8/17/2021,18933.0,0-3,20.4,
19.0,KDB 293W,8/17/2021,18965.0,0-40,21.6,
20.0,KBY 166H,8/14/2021,18410.0,3-10,21.2,
21.0,KDB 072T,8/18/2021,19072.0,14-20,21.68,
22.0,KDB 072T,8/17/2021,19044.0,14-20,21.94,
23.0,KDB 072T,8/16/2021,19081.0,20-31.5,20.76,
24.0,KDB 072T,8/18/2021,19056.0,14-20,21.52,
25.0,KDB 072T,8/17/2021,19033.0,0-3,22.1,
1.0,KDB 072T,9/17/2021,27170.0,10-14,21.64,
2.0,KDB 072T,9/17/2021,27100.0,10-14,22.24,
3.0,KDB 224N,9/17/2021,27042.0,14-20,17.52,
4.0,KDB 072T,9/17/2021,27132.0,10-14,21.7,
5.0,KDB 224N,9/16/2021,26991.0,14-20,20.26,
6.0,KDB 224N,9/17/2021,27140.0,10-14,18.28,
7.0,KDB 224N,9/17/2021,27167.0,10-14,18.56,
8.0,KDD 106X,9/17/2021,27244.0,3-10,19.1,
9.0,KDD 106X,9/16/2021,27305.0,3-10,20.64,
10.0,KDD 106X,9/17/2021,27114.0,10-14,18.26,
11.0,KDD 106X,9/18/2021,27276.0,3-10,20.92,
12.0,KDD 124X,9/18/2021,27301.0,3-10,19.18,
13.0,KDD 124X,9/18/2021,27274.0,3-10,19.14,
14.0,KCX 069Q,9/18/2021,27277.0,3-10,22.98,
15.0,KCX 069Q,9/17/2021,27182.0,0-3,21.66,
16.0,KCX 069Q,9/17/2021,27078.0,3-10,22.02,
17.0,KCX 069Q,9/17/2021,27145.0,10-14,21.98,
18.0,KCX 069Q,9/17/2021,27245.0,14-20,24.34,
19.0,KCX 069Q,9/17/2021,27102.0,10-14,23.2,
20.0,KDB 062A,9/17/2021,27258.0,3-10,22.22,
21.0,KDB 062A,9/18/2021,27292.0,3-10,24.08,
22.0,KDB 072T,9/17/2021,27225.0,14-20,21.24,
23.0,KDB 072T,9/18/2021,27284.0,3-10,21.9,
24.0,KDB 072T,9/17/2021,27257.0,3-10,21.44,
25.0,KBZ 917G,9/17/2021,27287.0,3-10,19.5,
26.0,KBZ 917G,9/17/2021,27254.0,3-10,19.3,
27.0,KBZ 917G,9/17/2021,27120.0,10-14,18.38,
28.0,KCH 688T,9/17/2021,27282.0,3-10,19.58,
29.0,KCH 688T,9/17/2021,27110.0,10-14,17.66,
30.0,KCH 688T,9/17/2021,27175.0,10-14,19.98,
31.0,KCH 688T,9/17/2021,27142.0,10-14,18.8,
32.0,KCH 688T,9/17/2021,27230.0,14-20,17.7,
33.0,KCH 688T,9/18/2021,27295.0,3-10,17.06,
34.0,KDD 098W,9/18/2021,27298.0,3-10,20.48,
35.0,KDD 098W,9/17/2021,27260.0,3-10,20.0,
36.0,KDD 098W,9/17/2021,27228.0,14-20,19.8,
37.0,KBR 280S,9/17/2021,27296.0,14-20,19.16,
38.0,KBR 280S,9/17/2021,27271.0,3-10,20.18,
39.0,KBR 280S,9/17/2021,27302.0,3-10,19.84,
40.0,KDB 293W,9/18/2021,27306.0,3-10,22.46,
41.0,KDB 293W,9/17/2021,27243.0,3-10,20.8,
42.0,KDB 293W,9/17/2021,27273.0,3-10,21.36,
43.0,KCY 318N,9/17/2021,27281.0,3-10,18.42,
44.0,KAT 901C,9/17/2021,27206.0,0-3,21.42,
45.0,KDD 098W,9/17/2021,27147.0,10-14,18.24,
46.0,KDD 098W,9/17/2021,27184.0,0-3,18.76,
47.0,KCC 307C,9/16/2021,28903.0,0-40,22.24,
48.0,KCC 307C,9/17/2021,27160.0,10-14,18.72,
49.0,KCC 307C,9/17/2021,27118.0,10-14,19.32,
50.0,KCC 307C,9/17/2021,27201.0,0-3,22.56,
51.0,KCY 318N,9/17/2021,27171.0,10-14,18.18,
52.0,KCY 318N,9/17/2021,27116.0,10-14,18.42,
53.0,KCY 318N,9/17/2021,27203.0,0-3,22.02,
54.0,KDB 293W,9/17/2021,27205.0,0-3,24.4,
55.0,KDB 293W,9/17/2021,27172.0,10-14,21.12,
56.0,KCJ 351X,9/17/2021,27174.0,10-14,18.44,
57.0,KCJ 351X,9/17/2021,27119.0,10-14,17.62,
58.0,KDD 103R,9/17/2021,27179.0,0-3,17.62,
59.0,KDD 103R,9/17/2021,27143.0,10-14,18.08,
60.0,KDD 103R,9/17/2021,27112.0,10-14,19.66,
61.0,KBR 280S,9/17/2021,27166.0,10-14,18.36,
62.0,KBR 280S,9/17/2021,27195.0,0-3,21.88,
63.0,KBR 280S,9/17/2021,27128.0,10-14,17.66,
64.0,KDB 204L,9/17/2021,27099.0,10-14,21.46,
65.0,KDB 204L,9/17/2021,27131.0,10-14,23.56,
66.0,KDB 204L,9/17/2021,27162.0,10-14,24.18,
67.0,KDB 204L,9/17/2021,27197.0,0-3,27.0,
1.0,KAT 901C,8/17/2021,18932.0,0-40,20.76,
2.0,KAT 901C,8/17/2021,18966.0,0-40,20.14,
3.0,KAT 901C,8/17/2021,18963.0,0-40,20.24,
4.0,KAT 901C,8/17/2021,18910.0,0-3,21.78,
5.0,KCE 250G,8/18/2021,19196.0,0-40,26.16,
6.0,KAT 901C,8/17/2021,19010.0,0-40,19.66,
7.0,KDB 468P,8/17/2002,18969.0,0-40,18.68,
8.0,KDB 072T,8/18/2021,19143.0,5-10,20.66,
9.0,KDB 072T,8/18/2021,19168.0,0-3,22.32,
10.0,KDB 072T,8/18/2021,19085.0,0-3,23.32,
11.0,KAT 901C,8/18/2021,19161.0,0-3,18.92,
12.0,KAT 901C,8/18/2021,19185.0,0-40,19.8,
13.0,KDB 072T,8/19/2021,19262.0,14-20,21.58,
14.0,KDB 072T,8/19/2021,19242.0,3-10,20.36,
15.0,KDB 072T,8/18/2021,19206.0,14-20,20.86,
16.0,KDB 072T,8/19/2021,19250.0,3-10,17.48,
17.0,KDB 072T,8/18/2021,19223.0,14-20,22.84,
1.0,KDB 224N,9/14/2021,26172.0,0-6,23.06,
2.0,KDB 224N,9/20/2021,27665.0,0-40,22.04,
3.0,KDB 224N,9/19/2021,27636.0,3-10,22.1,
4.0,KDB 224N,9/19/2021,27601.0,3-10,19.9,
5.0,KDB 224N,9/19/2021,27617.0,0-3,23.02,
6.0,KDB 224N,9/19/2021,27524.0,20-31.5,18.32,
7.0,KDB 224N,9/19/2021,27571.0,3-10,18.96,
8.0,KDB 224N,9/18/2021,27448.0,10-14,19.82,
9.0,KDB 224N,9/17/2021,27204.0,0-3,19.4,
10.0,KDB 224N,9/19/2021,27494.0,3-10,19.64,
11.0,KDB 224N,9/18/2021,27426.0,10-14,20.84,
12.0,KDB 224N,9/17/2021,27252.0,3-10,20.54,
13.0,KDB 224N,9/18/2021,27265.0,3-10,19.6,
14.0,KDD 103R,9/19/2021,27484.0,3-10,17.9,
15.0,KDD 106X,9/19/2021,27481.0,3-10,19.74,
16.0,KDD 244Z,9/14/2021,26103.0,0-40,28.54,
17.0,KDD 244Z,9/14/2021,26135.0,0-40,29.5,
18.0,KBR 280S,9/20/2021,27696.0,0-40,20.4,
19.0,KDC 388X,9/19/2021,27606.0,0-3,23.08,
20.0,KDC 388X,9/19/2021,27495.0,3-10,19.6,
21.0,KDC 388X,9/19/2021,27529.0,20-31.5,19.2,
22.0,KDC 388X,9/18/2021,27447.0,10-14,21.66,
23.0,KDC 388X,9/18/2021,27354.0,20-31.5,21.68,
24.0,KDC 388X,9/18/2021,27389.0,10-14,20.44,
25.0,KDC 388X,9/18/2021,27372.0,20-31.5,19.52,
26.0,KDC 388X,9/18/2021,27418.0,10-14,21.04,
27.0,KDC 388X,9/19/2021,27591.0,3-10,20.86,
28.0,KBR 280S,9/20/2021,27698.0,3-10,20.46,
29.0,KDD 098W,9/19/2021,27587.0,20-31.5,18.26,
30.0,KDD 098W,9/19/2021,27474.0,3-10,17.04,
31.0,KDD 098W,9/19/2021,27534.0,20-31.5,18.24,
32.0,KDD 098W,9/19/2021,27589.0,3-10,18.02,
33.0,KDD 098W,9/19/2021,27506.0,3-10,17.66,
1.0,KBL 548A,8/20/2021,19736.0,5-10,22.36,
2.0,KBL 548A,8/21/2021,19786.0,0-40,25.08,
3.0,KBL 548A,8/21/2021,19767.0,0-40,24.94,
4.0,KAT 901C,8/20/2021,19636.0,14-20,20.08,
5.0,KDB 293W,8/19/2021,19485.0,14-20,21.74,
6.0,KBL 548A,8/19/2021,19459.0,14-20,21.66,
7.0,KDB 072T,8/20/2021,19724.0,5-10,20.64,
8.0,KDB 204L,8/20/2021,19719.0,5-10,24.76,
9.0,KDB 293W,8/20/2021,19567.0,0-3,22.46,
10.0,KAT 901C,8/20/2021,19685.0,0-40,20.0,
11.0,KAT 901C,8/20/2021,19653.0,0-40,20.06,
12.0,KDB 293W,8/20/2021,19519.0,0-40,23.0,
13.0,KDB 293W,8/20/2021,19493.0,0-40,22.84,
14.0,KCX 069Q,8/20/2021,19670.0,0-40,24.56,
15.0,KCX 069Q,8/20/2021,19640.0,0-40,22.98,
16.0,KDB 072T,8/20/2021,19812.0,0-40,24.08,
17.0,KDB 072T,8/20/2021,19749.0,0-40,24.36,
18.0,KDB 072T,8/21/2021,19769.0,0-40,21.1,
19.0,KDB 204L,8/21/2021,19607.0,0-40,22.5,
20.0,KDB 204L,8/21/2021,19766.0,0-40,24.22,
21.0,KDB 204L,8/20/2021,19762.0,0-40,24.48,
22.0,KBL 548A,8/20/2021,19524.0,0-40,24.0,
23.0,KBL 548A,8/20/2021,19469.0,0-40,24.2,
24.0,KDB 235Q,8/20/2021,19703.0,0-40,19.98,
25.0,KDB 235Q,8/20/2021,19735.0,5-10,19.72,
26.0,KDB 235Q,8/20/2021,19617.0,14-20,17.52,
27.0,KDB 226Q,8/20/2021,19707.0,0-40,19.76,
28.0,KDB 226Q,8/20/2021,19816.0,14-20,17.36,
29.0,KDB 226Q,8/20/2021,19746.0,5-10,17.98,
30.0,KDB 235Q,8/20/2021,19664.0,0-40,19.88,
1.0,KAT 901C,8/20/2021,19716.0,5-10,18.5,
2.0,KAT 901C,8/21/2021,19908.0,0-40,17.32,
3.0,KAT 901C,8/21/2021,19887.0,0-40,18.66,
4.0,KAT 901C,8/21/2021,19923.0,0-40,19.06,
5.0,KDB 204L,8/21/2021,19963.0,0-5,24.38,
6.0,KDB 072T,8/21/2021,19863.0,0-5,21.84,
,,,,,,
1.0,KCP 062Z,8/17/2021,18884.0,10-14,18.36,
2.0,KCP 062Z,8/18/2021,19079.0,20-31.5,17.58,
3.0,KCP 062Z,8/19/2021,19409.0,0-5,16.1,
4.0,KCP 062Z,8/22/2021,20097.0,0-5,17.62,
5.0,KCP 062Z,8/19/2021,19380.0,0-5,14.06,
6.0,KCP 062Z,8/17/2021,18957.0,0-40,19.28,
7.0,KCP 062Z,8/17/2021,18987.0,0-40,18.98,
8.0,KDC 006T,8/18/2021,19181.0,0-40,32.84,
9.0,KCH 432T,8/19/2021,19838.0,0-40,32.86,
10.0,KCW 976E,8/19/2021,19312.0,0-40,19.54,
11.0,KCW 976E,8/20/2021,19691.0,0-40,19.62,
12.0,KCW 976E,8/20/2021,19656.0,0-40,21.14,
13.0,KCP 062Z,8/20/2021,19549.0,0-40,17.18,
14.0,KCP 062Z,8/20/2021,19997.0,0-40,19.96,
15.0,KCP 062Z,8/21/2021,19942.0,0-40,17.74,
16.0,KCP 062Z,8/21/2021,19917.0,0-40,16.78,
17.0,KCW 976E,8/21/2021,19975.0,0-40,20.02,
18.0,KCP 062Z,8/21/2021,19829.0,0-40,19.62,
19.0,KCW 976E,8/22/2021,20070.0,0-40,20.2,
20.0,KCW 976E,8/22/2021,20010.0,0-40,19.46,
21.0,KCW 976E,8/22/2021,20052.0,0-40,20.58,
22.0,KCP 062Z,8/22/2021,20057.0,0-40,15.2,
23.0,KCP 062Z,8/22/2021,20029.0,0-40,16.54,
24.0,KCA 398J,8/17/2021,18988.0,0-40,27.84,
25.0,KDC 006T,8/18/2021,19146.0,5-10,27.44,
26.0,KCA 398J,8/21/2021,19976.0,5-10,40.46,
27.0,KDC 006T,8/21/2021,19818.0,5-10,28.28,
28.0,KCA 398J,8/22/2021,20016.0,5-10,30.5,
29.0,KCA 398J,8/22/2021,20048.0,5-10,31.58,
30.0,KCE 343Y,8/18/2021,19195.0,5-10,45.08,
31.0,KCE 343Y,8/14/2021,18498.0,14-20,48.48,
32.0,KCA 398J,8/19/2021,19412.0,14-20,36.72,
33.0,KCW 976E,8/20/2021,19595.0,14-20,18.28,
34.0,KCW 976E,8/20/2021,19631.0,14-20,17.98,
35.0,KCP 062Z,8/20/2021,19586.0,14-20,15.96,
36.0,KCP 062Z,8/20/2021,19832.0,14-20,17.7,
37.0,KDC 006T,8/20/2021,19845.0,14-20,29.08,
38.0,KCE 343Y,8/14/2021,18475.0,14-20,47.06,
39.0,KCP 062Z,8/22/2021,20138.0,3-10,16.36,
40.0,KCA 398J,8/22/2021,20251.0,3-10,28.54,
41.0,KCE 343Y,8/23/2021,20259.0,3-10,32.76,
42.0,KCW 976E,8/22/2021,20119.0,3-10,17.7,
43.0,KCE 343Y,8/14/2021,18416.0,0-3,50.28,
44.0,KCE 343Y,8/14/2021,18460.0,0-3,48.92,
45.0,KCP 062Z,8/18/2021,19107.0,0-3,18.94,
46.0,KCW 976E,8/18/2021,19177.0,0-3,19.56,
47.0,KCW 976E,8/19/2021,19285.0,0-3,19.24,
48.0,KCW 976E,8/20/2021,19562.0,0-3,20.22,
49.0,KCA 398J,8/21/2021,19947.0,0-3,31.76,
50.0,KCA 398J,8/22/2021,20092.0,0-3,32.88,
51.0,KCA 398J,8/22/2021,20160.0,0-3,29.64,
52.0,KDC 006T,8/22/2021,20198.0,0-3,31.24,
53.0,KDC 006T,8/22/2021,20114.0,0-3,25.76,
54.0,KDC 006T,8/22/2021,20155.0,0-3,25.04,
55.0,KCE 343Y,8/22/2021,20166.0,0-3,35.4,
56.0,KCH 432T,8/22/2021,20148.0,0-3,47.26,
57.0,KCH 432T,8/22/2021,20178.0,0-3,49.94,
58.0,KCE 343Y,8/14/2021,18436.0,0-3,48.34,
59.0,KCW 976E,8/22/2021,20103.0,0-5,18.1,
60.0,KDB 204L,8/22/2021,20086.0,0-40,26.42,
61.0,KDB 072T,8/22/2021,20064.0,0-40,20.38,
62.0,KDB 204L,8/21/2021,19986.0,0-40,27.14,
63.0,KDB 072T,8/22/2021,20039.0,0-40,21.04,
64.0,KDB 204L,8/22/2021,20041.0,0-40,20.58,
65.0,KDB 204L,8/22/2021,20015.0,0-40,25.14,
66.0,KAT 901C,8/22/2021,20187.0,0-3,17.7,
67.0,KAT 901C,8/22/2021,18620.0,0-3,18.46,
68.0,KAT 901C,8/22/2021,20117.0,0-3,18.46,
69.0,KDB 204L,8/22/2021,20179.0,0-3,21.02,
70.0,KDB 204L,8/22/2021,20157.0,0-3,21.56,
71.0,KDB 204L,8/22/2021,20131.0,0-3,22.76,
72.0,KDB 204L,8/22/2021,20108.0,0-5,21.54,
73.0,KDB 204L,8/22/2021,20078.0,0-5,23.08,
74.0,,,,,,
75.0,,,,,,
76.0,,,,,,
77.0,,,,,,
78.0,,,,,,
79.0,,,,,,
80.0,,,,,,
81.0,,,,,,
82.0,,,,,,
29.0,,,,,,
30.0,,,,,,
1.0,KCW 065A,8/23/2021,20442.0,0-40,20.44,
2.0,KCX 069Q,8/23/2021,20441.0,0-40,22.94,
3.0,KDB 204L,8/22/2021,20243.0,0-40,22.88,
4.0,KDB 204L,8/23/2021,20324.0,3-10,22.92,
5.0,KDB 204L,8/23/2021,20298.0,0-40,24.82,
6.0,KDB 204L,8/23/2021,20310.0,3-10,20.42,
7.0,KDB 072T,8/22/2021,20216.0,0-40,19.28,
8.0,KDB 072T,8/22/2021,20253.0,0-40,19.62,
9.0,KDB 072T,8/23/2021,20283.0,0-40,17.86,
10.0,KDB 072T,8/22/2021,20202.0,3-10,17.24,
11.0,KDB 072T,8/23/2021,20309.0,3-10,18.42,
12.0,KDB 204L,8/23/2021,20431.0,0-40,25.34,
13.0,KDB 204L,8/23/2021,20453.0,0-40,24.2,
14.0,KDB 072T,8/23/2021,20428.0,0-40,21.56,
15.0,KAT 901C,8/23/2021,20455.0,0-40,19.18,
16.0,KAT 901C,8/23/2021,20426.0,0-40,19.8,
17.0,KAT 901C,8/23/2021,20398.0,14-20,16.86,
18.0,KAT 901C,8/23/2021,20375.0,0-3,17.74,
19.0,KCE 250G,8/24/2021,20536.0,3-10,21.82,
20.0,KCE 250G,8/24/2021,20584.0,3-10,22.48,
21.0,KCE 250G,8/23/2021,20510.0,14-20,22.08,
22.0,KBL 548A,8/21/2021,19958.0,0-40,27.1,
23.0,KBL 548A,8/22/2021,20058.0,0-40,23.08,
24.0,KBL 548A,8/22/2021,20024.0,0-40,24.9,
1.0,KDB 204L,8/24/2021,20855.0,0-40,24.06,
2.0,KDB 204L,8/24/2021,20641.0,0-40,24.34,
3.0,KDB 072T,8/24/2021,20681.0,0-40,23.1,
4.0,KDB 072T,8/24/2021,20654.0,0-40,22.2,
5.0,KDB 072T,8/24/2021,20597.0,0-5,22.02,
6.0,KDB 072T,8/24/2021,20639.0,0-40,21.84,
7.0,KAT 901C,8/24/2021,20689.0,0-40,21.24,
8.0,KAT 901C,8/24/2021,20685.0,0-40,21.1,
9.0,KAT 901C,8/24/2021,20642.0,0-40,18.14,
10.0,KAT 901C,8/24/2021,20614.0,0-5,17.7,
11.0,KAT 901C,8/24/2021,20499.0,14-20,17.9,
12.0,KAT 901C,8/23/2021,20473.0,20-31.5,18.68,
13.0,KDB 072T,8/24/2021,20563.0,3-10,19.2,
14.0,KDB 072T,8/23/2021,20474.0,20-31.5,21.82,
15.0,KDB 204L,8/24/2021,20560.0,3-10,21.6,
16.0,KDB 204L,8/24/2021,20575.0,3-10,24.24,
17.0,KDB 204L,8/23/2021,20517.0,14-20,20.72,
18.0,KDB 204L,8/23/2021,20495.0,20-31.5,22.46,
19.0,KDB 204L,8/24/2021,20540.0,3-10,23.42,
20.0,KDB 072T,8/24/2021,20545.0,3-10,19.96,
21.0,KDB 072T,8/25/2021,20609.0,3-10,23.62,
22.0,KDB 204L,8/24/2021,20756.0,3-10,23.0,
23.0,KDB 204L,8/25/2021,20796.0,3-10,21.88,
24.0,KDB 204L,8/24/2021,20731.0,3-10,25.48,
25.0,KDB 204L,8/25/2021,20779.0,3-10,21.44,
26.0,KDB 072T,8/24/2021,20734.0,3-10,22.32,
27.0,KDB 072T,8/23/2021,20501.0,14-20,20.22,
28.0,KDB 072T,8/23/2021,,,19.9,
1.0,KDB 072T,8/26/2021,21048.0,3-10,19.12,
2.0,KAT 901C,8/25/2021,20931.0,0-40,18.72,
3.0,KAT 901C,8/25/2021,20949.0,14-20,18.08,
4.0,KAT 901C,8/25/2021,20914.0,0-40,19.72,
5.0,KAT 901C,8/25/2021,20896.0,3-10,18.28,
6.0,KCE 250G,8/25/2021,20743.0,3-10,22.72,
7.0,KCE 250G,8/25/2021,20775.0,3-10,22.42,
8.0,KCE 250G,8/25/2021,20685.0,3-10,20.02,
9.0,KCE 250G,8/25/2021,20800.0,3-10,21.66,
10.0,KDB 072T,8/25/2021,20981.0,14-20,19.78,
11.0,KDB 072T,8/25/2021,21003.0,14-20,20.02,
12.0,KDB 072T,8/25/2021,20982.0,14-20,20.76,
13.0,KDB 072T,8/26/2021,21021.0,3-10,19.82,
14.0,KBL 584A,8/23/2021,20479.0,20-31.5,22.72,
15.0,KBL 584A,8/24/2021,20531.0,3-10,22.94,
16.0,KBL 584A,8/24/2021,20558.0,3-10,22.0,
17.0,KBL 584A,8/23/2021,20508.0,14-20,20.1,
1.0,KDB 204L,8/26/2021,21025.0,3-10,22.38,
2.0,KDB 204L,8/26/2021,21033.0,3-10,25.6,
3.0,KDB 204L,8/26/2021,20961.0,14-20,21.84,
4.0,KDB 204L,8/26/2021,21007.0,3-10,23.14,
5.0,KDB 204L,8/26/2021,20985.0,14-20,22.9,
6.0,KDB 072T,8/26/2021,21136.0,0-40,21.94,
7.0,KDB 072T,8/26/2021,21118.0,0-40,21.2,
8.0,KDB 072T,8/26/2021,21097.0,0-5,20.88,
9.0,KDB 204L,8/26/2021,21158.0,0-40,23.6,
10.0,KDB 204L,8/25/2021,21138.0,0-40,24.54,
11.0,KDB 204L,8/26/2021,21119.0,0-40,24.06,
12.0,KDB 204L,8/26/2021,21101.0,0-5,24.16,
13.0,KDB 072T,8/26/2021,21165.0,0-40,22.42,
14.0,KDB 072T,8/26/2021,21222.0,0-40,21.52,
15.0,KDB 072T,8/27/2021,21239.0,0-40,19.54,
16.0,KDB 072T,8/26/2021,21203.0,0-40,20.4,
17.0,KCE 250G,8/27/2021,21236.0,0-40,24.86,
18.0,KCE 250G,8/26/2021,21194.0,0-40,24.92,
19.0,KCE 250G,8/27/2021,21254.0,0-40,23.02,
20.0,KCE 250G,8/27/2021,21219.0,0-40,23.82,
21.0,KDB 204L,8/27/2021,21228.0,0-40,24.9,
22.0,KDB 204L,8/27/2021,21243.0,14-20,23.52,
23.0,KDB 204L,8/27/2021,21258.0,0-40,23.8,
24.0,KDB 204L,8/26/2021,21199.0,0-40,24.22,
25.0,KDB 204L,8/27/2021,21213.0,0-40,24.02,
1.0,KDB 204L,8/27/2021,21395.0,14-20,20.26,
2.0,KDB 204L,8/28/2021,21423.0,3-10,21.86,
3.0,KDB 204L,7/28/2021,21463.0,14-20,21.82,
4.0,KDB 204L,8/28/2021,21445.0,3-10,22.72,
5.0,KDB 072T,8/29/2021,21450.0,3-10,18.24,
6.0,KDB 072T,8/28/2021,21467.0,14-20,21.06,
7.0,KDB 072T,8/28/2021,21432.0,3-10,19.46,
8.0,KDB 072T,8/27/2021,21381.0,14-20,18.12,
9.0,KBP 138Q,8/25/2021,20924.0,3-10,22.62,
10.0,KBP 138Q,8/25/2021,20762.0,3-10,24.26,
11.0,KDB 072T,8/27/2021,21347.0,0-40,23.78,
12.0,KDB 072T,8/27/2021,21317.0,0-40,23.08,
13.0,KDB 072T,8/27/2021,21302.0,0-5,24.48,
14.0,KDB 072T,8/27/2021,21263.0,0-5,22.32,
15.0,KDB 204L,8/27/2021,21269.0,0-5,24.86,
16.0,KDB 204L,8/27/2021,21286.0,0-5,24.78,
17.0,KDB 204L,8/27/2021,21307.0,0-5,25.5,
18.0,KDB 204L,8/27/2021,21320.0,0-40,25.14,
19.0,KDB 204L,8/27/2021,21346.0,0-40,24.88,
20.0,KAT 901C,8/25/2021,20972.0,14-20,20.42,
21.0,KAT 901C,8/27/2021,21335.0,0-40,20.3,
1.0,KCE 250G,8/28/2021,21430.0,3-10,20.14,
2.0,KCE 250G,8/28/2021,21452.0,3-10,21.08,
3.0,KCE 250G,8/28/2021,21602.0,3-10,24.62,
4.0,KDC 255G,8/27/2021,21316.0,0-40,22.46,
5.0,KDC 255G,8/27/2021,21406.0,20-31.5,23.68,
6.0,KDC 255G,8/27/2021,21366.0,0-40,21.46,
7.0,KDC 255G,8/27/2021,21387.0,14-20,22.7,
8.0,KDC 255G,8/27/2021,21340.0,0-40,21.26,
9.0,KDB 072T,8/28/2021,21572.0,0-6,24.1,
10.0,KDB 072T,8/28/2021,21520.0,0-6,23.6,
11.0,KDB 072T,8/28/2021,21490.0,0-6,21.98,
12.0,KDB 072T,8/28/2021,21543.0,0-6,23.8,
13.0,KDB 072T,8/28/2021,21472.0,0-6,23.12,
14.0,KDB 204L,8/28/2021,21493.0,0-6,27.42,
15.0,KDB 204L,8/28/2021,21517.0,0-6,26.5,
16.0,KDB 204L,8/28/2021,21545.0,0-6,25.58,
17.0,KDB 204L,8/28/2021,21573.0,0-6,27.6,
18.0,KDB 204L,8/28/2021,21469.0,0-6,26.72,
1.0,KDB 072T,8/29/2021,21854.0,10-14,18.16,
2.0,KDB 072T,8/29/2021,21878.0,14-20,21.6,
3.0,KDB 072T,8/30/2021,21921.0,3-10,21.24,
4.0,KDB 072T,8/30/2021,21899.0,3-10,21.36,
5.0,KDB 072T,8/30/2021,21942.0,3-10,18.38,
6.0,KCE 250G,8/29/2021,21823.0,0-6,21.5,
7.0,KCE 250G,8/30/2021,21980.0,0-6,23.6,
8.0,KCE 250G,8/30/2021,21681.0,14-20,23.82,
9.0,KCE 250G,8/29/2021,21844.0,10-14,20.52,
10.0,KDB 204T,8/29/2021,21717.0,0-6,24.9,
11.0,KDB 204T,8/29/2021,21734.0,0-6,25.66,
12.0,KDB 204T,8/29/2021,21758.0,0-6,26.54,
13.0,KDB 204T,9/29/2021,21763.0,0-6,29.04,
14.0,KDB 204T,8/30/2021,21934.0,3-10,21.44,
15.0,KBB 772L,8/28/2021,21420.0,20-31.5,24.62,
16.0,KBB 772L,8/28/2021,21449.0,3-10,23.6,
1.0,KDB 072T,8/30/2021,22066.0,3-10,20.92,
2.0,KDC 255G,8/30/2021,22036.0,0-6,21.76,
3.0,KDB 204L,8/30/2021,22110.0,3-10,21.16,
4.0,KDB 204L,8/31/2021,22169.0,3-10,21.5,
5.0,KDB 204L,8/31/2021,21149.0,3-10,21.8,
6.0,KDB 204L,8/30/2021,22088.0,3-10,22.82,
7.0,KDB 204L,8/31/2021,22129.0,3-10,21.46,
8.0,KDB 204L,8/30/2021,22046.0,0-6,25.52,
9.0,KDB 204L,8/30/2021,22030.0,0-6,25.3,
10.0,KDB 204L,8/30/2021,22007.0,0-6,25.62,
11.0,KDB 204L,8/30/2021,21985.0,0-6,26.9,
12.0,KDB 072T,8/30/2021,22043.0,0-6,24.2,
13.0,KDB 072T,8/30/2021,21955.0,0-6,25.8,
14.0,KDB 072T,8/30/2021,21996.0,0-6,23.1,
15.0,KDB 072T,8/30/2021,22017.0,0-6,23.6,
16.0,KDB 204L,8/30/2021,21913.0,3-10,22.5,
17.0,KDB 204L,8/30/2021,21895.0,3-10,24.66,
18.0,KDB 204L,8/29/2021,21870.0,14-10,21.96,
19.0,KDB 204L,8/29/2021,21846.0,10-14,21.52,
1.0,KCW 976E,8/22/2021,20209.0,0-40,19.84,
2.0,KCW 976E,8/22/2021,20246.0,0-40,19.4,
3.0,KCP 026Z,8/22/2021,20230.0,0-40,15.74,
4.0,KCW 976E,8/23/2021,20424.0,0-40,20.92,
5.0,KCW 976E,8/23/2021,20353.0,0-3,17.58,
6.0,KCW 976E,8/23/2021,20403.0,0-40,19.24,
7.0,KCW 976E,8/23/2021,20381.0,0-3,19.14,
8.0,KCP 026Z,8/25/2021,20812.0,3-10,16.96,
9.0,KCP 026Z,8/23/2021,20271.0,0-40,18.14,
10.0,KCP 026Z,8/23/2021,20362.0,0-3,16.84,
11.0,KCP 026Z,8/23/2021,20427.0,0-40,19.34,
12.0,KCP 026Z,8/23/2021,20402.0,0-40,16.12,
13.0,KCP 026Z,8/23/2021,20307.0,3-10,17.72,
14.0,KCP 026Z,8/23/2021,20352.0,0-3,14.02,
15.0,KCP 026Z,8/24/2021,20699.0,0-40,17.04,
16.0,KCW 976E,8/25/2021,20641.0,3-10,17.14,
17.0,KCW 976E,8/25/2021,20666.0,3-10,18.0,
18.0,KCW 976E,8/25/2021,20841.0,3-10,18.98,
19.0,KCP 026Z,8/25/2021,21085.0,0-5,18.16,
20.0,KCP 026Z,8/25/2021,21128.0,0-40,16.7,
21.0,KCP 026Z,8/26/2021,21109.0,0-5,17.2,
22.0,KCP 026Z,8/26/2021,21042.0,3-10,15.34,
23.0,KCW 976E,8/26/2021,21052.0,3-10,18.96,
24.0,KCW 976E,8/26/2021,21110.0,0-5,20.76,
25.0,KCW 976E,8/26/2021,21087.0,0-5,20.2,
26.0,KCW 976E,8/26/2021,21127.0,0-40,21.74,
27.0,KCW 976E,8/27/2021,21333.0,0-40,19.84,
28.0,KCW 976E,8/27/2021,21860.0,0-40,20.08,
29.0,KDC 005L,,21582.0,0-6,25.4,
30.0,KCP 026Z,8/28/2021,21561.0,0-6,18.86,
31.0,KCP 026Z,8/28/2021,21484.0,3-10,16.7,
32.0,KCA 398J,8/29/2021,21846.0,10-14,32.44,
33.0,KDC 005L,8/29/2021,21847.0,10-14,27.16,
34.0,KCP 026Z,8/29/2021,21872.0,14-20,17.12,
35.0,KCP 026Z,8/29/2021,21787.0,0-6,19.74,
36.0,KCP 026Z,8/29/2021,21771.0,0-6,18.5,
37.0,KCP 026Z,8/29/2021,21755.0,0-6,17.26,
38.0,KCP 026Z,8/29/2021,21721.0,0-5,17.12,
39.0,KCW 976E,8/29/2021,21655.0,10-14,20.02,
40.0,KCW 976E,8/30/2021,21680.0,14-20,21.26,
41.0,KCW 976E,8/30/2021,21943.0,3-10,20.68,
42.0,KCW 976E,8/30/2021,21926.0,3-10,18.04,
43.0,KCA 398J,8/30/2021,21902.0,14-20,35.64,
44.0,KCP 026Z,8/30/2021,21901.0,3-10,17.62,
45.0,KDC 005L,8/30/2021,21912.0,3-10,25.88,
46.0,KDC 005L,8/30/2021,21892.0,14-20,32.86,
47.0,KCW 976E,8/31/2021,22165.0,3-10,18.44,
48.0,KCW 976E,8/31/2021,22146.0,3-10,18.78,
49.0,KCW 976E,8/31/2021,22126.0,3-10,19.34,
50.0,KCW 976E,8/30/2021,22109.0,3-10,18.46,
51.0,KCW 976E,8/30/2021,22071.0,3-10,18.38,
52.0,KDC 005L,8/31/2021,22140.0,3-10,36.54,
53.0,KDC 005L,8/30/2021,22114.0,3-10,32.16,
54.0,KCE 343Y,8/30/2021,22107.0,3-10,43.26,
55.0,KCE 343Y,8/31/2021,22138.0,3-10,49.2,
56.0,KCH 432T,8/31/2021,22154.0,3-10,33.38,
57.0,KCH 432T,8/31/2021,22135.0,3-10,43.82,
58.0,KCH 432T,8/30/2021,22094.0,3-10,46.18,
59.0,KCP 026Z,8/31/2021,22125.0,3-10,17.94,
60.0,KCP 026Z,8/31/2021,22147.0,3-10,17.6,
61.0,KCP 026Z,8/31/2021,22173.0,3-10,17.54,
62.0,KDC 005L,8/25/2021,20784.0,3-10,30.56,
63.0,KDB 072T,8/31/2021,22376.0,0-40,24.62,
64.0,KDB 072T,8/31/2021,22354.0,0-40,22.92,
65.0,KDB 072T,8/1/2021,22412.0,0-40,20.32,
66.0,KDC 255G,8/30/2021,22013.0,0-6,17.9,
67.0,KDC 255G,8/30/2021,21991.0,0-6,17.2,
68.0,KDC 255G,8/30/2021,22052.0,0-6,22.22,
69.0,KDC 255G,8/30/2021,22075.0,0-6,22.84,
70.0,KDC 255G,8/30/2021,22095.0,3-10,19.68,
71.0,KDB 204L,8/31/2021,22161.0,0-6,24.7,
72.0,KDB 204L,8/31/2021,22204.0,0-6,24.7,
73.0,KDB 204L,8/31/2021,22233.0,0-6,24.8,
74.0,KDB 204L,8/31/2021,22267.0,0-6,25.3,
75.0,KDB 204L,8/31/2021,22303.0,0-6,22.2,
76.0,KDB 072T,8/31/2021,22279.0,0-6,22.9,
77.0,KDB 072T,8/31/2021,22250.0,0-6,23.1,
78.0,KDB 072T,8/31/2021,22230.0,0-3,23.1,
79.0,KDB 072T,8/31/2021,22203.0,0-6,23.96,
80.0,KDC 255G,8/31/2021,22341.0,0-40,22.54,
81.0,KDC 255G,8/31/2021,22223.0,0-6,21.24,
82.0,KDC 255G,8/31/2021,22312.0,0-6,20.3,
83.0,KDC 255G,8/31/2021,22293.0,0-6,19.0,
84.0,KDC 255G,8/31/2021,22265.0,0-6,18.74,
85.0,KDC 255G,8/31/2021,22249.0,0-6,18.9,
86.0,KDC 255G,8/31/2021,22197.0,0-6,16.12,
87.0,KDC 255G,8/31/2021,22176.0,0-6,21.16,
88.0,KDB 072T,9/1/2021,22396.0,0-40,20.36,
